Image_ID,Target
ID_01c6i2wd,0.6270752549171448
ID_03sPqBLY,0.005827584769576788
ID_06ZKUQFl,0.999971866607666
ID_06gzqIwK,1.6571343621762935e-06
ID_08kWat36,0.7514272928237915
ID_09Ek7abU,0.9815760850906372
ID_0AniuG5s,0.9890137314796448
ID_0BsPuUz7,0.41104209423065186
ID_0DSBT3ti,0.4500766098499298
ID_0FjtVTX3,0.9889450669288635
ID_0Hjbo7AN,0.982918381690979
ID_0IoxTQLw,0.3265455365180969
ID_0JhyWlDV,0.025918979197740555
ID_0K8jJj3F,0.002004076261073351
ID_0KWPog7g,0.17598585784435272
ID_0KqtLYSP,0.0004228128818795085
ID_0LPHsFfM,0.04982629418373108
ID_0N96kxWg,0.9903243780136108
ID_0Ov8uXuG,0.0022502171341329813
ID_0PZ1KSkw,0.9994909763336182
ID_0SGKhPN1,0.560551106929779
ID_0SVGgzoU,0.620100200176239
ID_0SWhzXeC,0.005955527536571026
ID_0T2UZdrD,0.0011218682629987597
ID_0Ua9k8aQ,0.22167982161045074
ID_0VAe1wZN,9.008985216496512e-06
ID_0W1cXc5N,0.0002505166339688003
ID_0aVkkbdY,0.0006300200475379825
ID_0dUY7tR2,0.9999306201934814
ID_0eKCztUK,0.13866406679153442
ID_0eSk3gQl,3.663793177111074e-05
ID_0gwlhyjV,0.42308077216148376
ID_0iGb02kl,0.9995438456535339
ID_0iy37ioY,0.8236419558525085
ID_0nbGKOWx,0.7612999677658081
ID_0pjmwVau,0.992682158946991
ID_0s8k90eC,0.0008991392678581178
ID_0szFENHw,7.908893894637004e-05
ID_0v9HOXlg,0.9993411898612976
ID_0wBQRei9,0.0011864315019920468
ID_0wN5j1YU,0.998927652835846
ID_0yH2glYg,0.9999890327453613
ID_11NQA0RC,0.9996352195739746
ID_126fJW1b,0.9999638795852661
ID_17J0sXWh,0.9960194230079651
ID_194qb3fx,0.9999927282333374
ID_19IlCYzV,3.479332008282654e-05
ID_1AB5EuGm,0.19489316642284393
ID_1AqxO75L,0.0006283469847403467
ID_1BzBSsfb,0.13826976716518402
ID_1ESvtyMz,0.7572757005691528
ID_1FeoDwzt,0.07749737799167633
ID_1IAGTKaG,0.886415958404541
ID_1IM6VqEb,0.0019785575568675995
ID_1JliZjde,0.000735458277631551
ID_1KCtjnnA,0.00018784218991640955
ID_1KEq0P3u,0.004907417111098766
ID_1KprvCOC,0.9993347525596619
ID_1MuIDfjo,0.004356779158115387
ID_1Oerc7NU,0.9999997615814209
ID_1SgLtvik,0.014763453043997288
ID_1TCU1HGW,8.171583613147959e-05
ID_1UXa1dk8,0.9618899822235107
ID_1WTqfbue,0.9996699094772339
ID_1WVyKich,0.941224217414856
ID_1WkHQTdd,0.03836348280310631
ID_1Xdbm8Gh,0.9999852180480957
ID_1YflGhf4,0.6394777894020081
ID_1cHrKRCp,0.8873478174209595
ID_1fhbjavl,0.7261263728141785
ID_1fsWKwjO,0.026565948501229286
ID_1gMODRjm,8.354679266631138e-06
ID_1geXyQ0t,0.9999985694885254
ID_1hGEp2MJ,0.9930331707000732
ID_1nPyLlj7,0.9976438879966736
ID_1nyCoLkd,0.9183388948440552
ID_1o5xCHak,0.9999960660934448
ID_1o6BqGCJ,0.0004957693163305521
ID_1pokPmqG,0.07711032032966614
ID_1tYhiVPe,6.884067988721654e-05
ID_1v452hY4,0.999990701675415
ID_1vopQ3fO,0.9962000250816345
ID_1xWK8Kkn,0.18948183953762054
ID_1xc02Ptm,0.9999878406524658
ID_1xfgfU5p,0.977200448513031
ID_20LPMSUa,1.0
ID_22EznAWX,0.9999829530715942
ID_22YRJvWF,0.5739012956619263
ID_26s3c631,0.028642982244491577
ID_27L3ZyFE,0.9629314541816711
ID_28qXw5mC,0.0002773669548332691
ID_2AeaEeRV,0.948974609375
ID_2DYvq9qh,0.9995878338813782
ID_2E1aGQnx,0.9963709115982056
ID_2E1n87gK,0.9472578763961792
ID_2HIs5waA,0.9997280240058899
ID_2IZffDms,0.9920768737792969
ID_2JuRn59g,0.9999250173568726
ID_2KfBB49x,0.3645171523094177
ID_2M1oTqUe,0.005270312540233135
ID_2NSYxMAi,0.9982669353485107
ID_2OEdCXuD,0.9998656511306763
ID_2OhXTl9q,0.0029522718396037817
ID_2Q5Z9ErZ,0.07212202996015549
ID_2QlmKGDL,0.00035359765752218664
ID_2S4zi0pU,0.15257684886455536
ID_2SQNYXlW,0.00037053614505566657
ID_2SbiJRDp,0.0007491543656215072
ID_2TQ2um1h,0.006650121416896582
ID_2Uerv86X,0.7529585957527161
ID_2VQsKn4x,0.01116422563791275
ID_2Vip3YeW,0.014201956801116467
ID_2WL6hae8,0.07424839586019516
ID_2XGe8BeN,0.9997413754463196
ID_2YTJRr3f,0.00044373460696078837
ID_2Yyew0Uh,0.10437508672475815
ID_2Z7zHyqJ,0.47179943323135376
ID_2aNX3GDd,0.597710371017456
ID_2aRb6f0X,0.21803982555866241
ID_2b5B8Zmu,8.882932888809592e-05
ID_2bs8L0W1,0.9862121343612671
ID_2cGrhAWA,0.9998546838760376
ID_2cmRqrzn,0.006191482301801443
ID_2dDYqEbD,0.9872532486915588
ID_2dE27aup,0.9940296411514282
ID_2gQ8GEEL,0.0027344468981027603
ID_2jIsoM8G,0.9999988079071045
ID_2jw0MBXW,0.7816470265388489
ID_2qpfXxwf,0.03380819410085678
ID_2rsLXZaS,0.020251967012882233
ID_2tusOmO2,0.04737064614892006
ID_2y6XpAqq,0.1268540322780609
ID_2zGJZg5F,0.492655485868454
ID_30cwnzwa,0.00119806919246912
ID_335ODDQ8,0.6422815322875977
ID_336reY8q,3.2103365811053663e-05
ID_34R8KDit,0.004212462343275547
ID_364W0XzR,0.019026102498173714
ID_36RXmFXl,0.012582856230437756
ID_36bANslg,6.128933455329388e-05
ID_38meVoGk,0.01479760929942131
ID_3Azl7ZwB,0.6220936179161072
ID_3BlMicaj,0.999953031539917
ID_3CmowQD6,0.9997441172599792
ID_3EVp7qss,0.6537563800811768
ID_3Jo1RSYQ,0.010910752229392529
ID_3K3quO6t,0.03366967663168907
ID_3LTTrLjt,0.007266559638082981
ID_3OfiHbOB,0.001232640934176743
ID_3Pac6Yrh,0.9997779726982117
ID_3Pxg47ZA,0.27585387229919434
ID_3RJbXXOB,0.9306357502937317
ID_3SR0tDuI,0.9504728317260742
ID_3UTOj8Tw,0.0008723068749532104
ID_3UifdTip,0.9920273423194885
ID_3UsC96I4,0.6654412150382996
ID_3VlfhpbU,0.9999715089797974
ID_3WieylWc,0.07555358111858368
ID_3YOALnqg,0.9991263747215271
ID_3br1zX8W,0.9999964237213135
ID_3dcAHztS,0.002953164977952838
ID_3dkIHuRW,0.00011407168494770303
ID_3fZLjxDW,0.004697458352893591
ID_3gYHByGQ,0.08438216894865036
ID_3i2vF65g,0.987399697303772
ID_3iAieNPt,0.9938156604766846
ID_3jjYJ1Sp,0.9990857839584351
ID_3kiDiQ5z,0.6328482627868652
ID_3m39KnZz,0.022998902946710587
ID_3m4BjWGt,0.9935222268104553
ID_3nUWvtnG,0.03217332437634468
ID_3pBvXGnf,0.19195453822612762
ID_3qKlsDHC,0.0002009014569921419
ID_3qO5VGlk,0.0007918593473732471
ID_3smWKG3D,1.4427137102757115e-05
ID_3t0DGQNR,0.021248547360301018
ID_3tTziOun,0.1004234105348587
ID_3tnKhxLe,0.1876564770936966
ID_3tzWxhKy,0.07995578646659851
ID_3uU2pNBm,0.9969335794448853
ID_3wbkhq0n,0.9804337620735168
ID_3wqgs1h8,2.417832729406655e-05
ID_3zgrit9K,0.04184241592884064
ID_40TJNUys,0.9999994039535522
ID_40vsx3LX,0.992885172367096
ID_41RoL9lD,0.9999961853027344
ID_41gPiQzu,0.005674727261066437
ID_432xf8q7,0.999413013458252
ID_456tF52p,0.31125396490097046
ID_47FeeCPD,0.5169371962547302
ID_47R0QR0X,0.08729581534862518
ID_49hFAQbC,0.9999864101409912
ID_4Bcf03Ol,0.3135577142238617
ID_4CIswsz2,0.9967604279518127
ID_4CUVuah3,0.9508402943611145
ID_4DS4iJVu,0.013548300601541996
ID_4EEFmhE8,0.9997963309288025
ID_4H8iTbun,0.9999512434005737
ID_4ImYXrGA,0.9999983310699463
ID_4JLE8XRv,3.4585238608997315e-05
ID_4Jpqz3Un,0.9937435984611511
ID_4KRiHAik,0.44598084688186646
ID_4NCyj3hP,0.9999936819076538
ID_4QaCD0x5,0.009732253849506378
ID_4REQ5FMp,0.00020681747992057353
ID_4Rd6d5JE,0.810849130153656
ID_4ZK2bMCh,0.048750266432762146
ID_4ZKlwOa9,0.9688791632652283
ID_4ZnyydFk,0.07412804663181305
ID_4cghZogo,0.9966124892234802
ID_4fg1gUSX,0.9996546506881714
ID_4fil5lju,0.9997604489326477
ID_4ibPZELH,0.0022357499692589045
ID_4lU4AAr1,0.9909582138061523
ID_4mIktvCM,9.532878175377846e-05
ID_4mJGUyip,0.9987391829490662
ID_4okFArEA,0.7447277307510376
ID_4qR55u0B,0.0006651125731877983
ID_4qwlWkti,0.006419775541871786
ID_4r5kjMa7,0.999683141708374
ID_4rBMrpSH,0.9998302459716797
ID_4rudOcUx,0.012342574074864388
ID_4tlsTvIW,0.12453978508710861
ID_4w8dFtB9,0.039410050958395004
ID_4wE7BIQv,0.9447858333587646
ID_4z2YV3u0,0.2333584725856781
ID_51ECGgoh,0.012130284681916237
ID_51bGpc7Z,0.9912152290344238
ID_51bjgC92,0.9993706345558167
ID_52SOfymt,0.982082724571228
ID_52rbivKI,0.9995833039283752
ID_55OtkztT,0.01939239911735058
ID_58kVy5jW,0.01347174122929573
ID_59DdFvK5,0.8780419230461121
ID_5ASl0lTg,0.07272418588399887
ID_5BKzkzrl,0.007892477326095104
ID_5CHW18SN,0.006714283023029566
ID_5CulErjg,0.004409244749695063
ID_5DE95JiS,0.4272155165672302
ID_5DgUtUYo,0.999998927116394
ID_5Fl68mlh,0.0016945039387792349
ID_5GI8peRg,0.001313511747866869
ID_5Gc7AShe,0.999931812286377
ID_5L5vFKaO,0.0016935219755396247
ID_5LbfuVx4,0.9801320433616638
ID_5LkeB96h,0.9970001578330994
ID_5N4xWchK,0.48213303089141846
ID_5NhEWiYd,0.19280286133289337
ID_5P7PtTW3,0.020151963457465172
ID_5PZbDR1m,0.002080310136079788
ID_5PeKzOaW,0.9947205781936646
ID_5S9xwI0O,0.9998303651809692
ID_5SAkKjwy,0.1809857189655304
ID_5SLbBrQK,0.9754388332366943
ID_5WVNr7N0,0.18031121790409088
ID_5YJo4xXX,0.045554108917713165
ID_5Ye8o5c6,0.8467404246330261
ID_5ZQdzADZ,0.9998701810836792
ID_5aJrEhfV,0.03490570932626724
ID_5b7ZO2PR,0.9997596144676208
ID_5c9vB3Oe,0.0028952164575457573
ID_5d98Zkc5,0.9812297821044922
ID_5frA9yNj,0.12116709351539612
ID_5i9tHPBH,0.04283878207206726
ID_5iS0AHz2,0.9995129108428955
ID_5kOb1etI,0.8687833547592163
ID_5klnEOY9,0.9999998807907104
ID_5m69O5ul,0.9998451471328735
ID_5m6jUOWq,0.0005449934978969395
ID_5no7ISVa,0.9047911167144775
ID_5nyLE6x3,0.9971374273300171
ID_5pYpxt3s,0.0005857074283994734
ID_5pwa6MYR,0.004787238780409098
ID_5s1iC0Z6,0.6127756237983704
ID_5sLOGj5E,0.9629499912261963
ID_5sXuqDXR,0.18962278962135315
ID_5tNAzYXi,0.010968707501888275
ID_5v8QW4a8,0.9734112620353699
ID_5vnRSDz8,0.9980409741401672
ID_5wLuQIB9,0.7407152056694031
ID_5wbYt5kx,0.13228920102119446
ID_5wpAGmna,0.002699438715353608
ID_62ZEUcst,0.9999732971191406
ID_63Wt28hQ,0.11985665559768677
ID_63idfoaY,0.9929755926132202
ID_64J2J07g,0.7211412191390991
ID_65gvr2jv,0.9989885687828064
ID_66McGTmV,0.009817017242312431
ID_69OLyFBE,0.9978051781654358
ID_6C4v2nko,0.9995280504226685
ID_6CjJsC6k,0.47599858045578003
ID_6Hs6vPyM,0.997292697429657
ID_6J6jD9mY,0.02605580911040306
ID_6KlRzjwf,0.9999998807907104
ID_6M3e72p0,0.00044835402513854206
ID_6MpyS6NV,0.006369711831212044
ID_6Mvo6AuG,0.00041004057857207954
ID_6QtRfFTR,0.5852241516113281
ID_6S84NhqF,0.09651447832584381
ID_6TU5E3VT,0.9999557733535767
ID_6ToL8c0J,0.004553584381937981
ID_6TzL4ay1,0.999988317489624
ID_6UUDrhrk,0.003771658055484295
ID_6Ucvm2Z9,0.0814916267991066
ID_6XnS7Htz,0.9999783039093018
ID_6a6AZN8T,0.024103276431560516
ID_6aIwlocg,0.2613682448863983
ID_6br0S4M4,0.9999978542327881
ID_6cBXqBZu,0.04497404024004936
ID_6cHVgXGj,0.2426484078168869
ID_6cfqARMN,0.9999676942825317
ID_6d7okSdz,0.9976811408996582
ID_6daBqz6r,0.00033402148983441293
ID_6eUcBglr,0.01145942136645317
ID_6etjP6Zy,0.0526326447725296
ID_6gHLIP9H,0.9998424053192139
ID_6hKHiAG5,0.0010735655669122934
ID_6hMgBWdU,0.00038453395245596766
ID_6k440agE,0.9965129494667053
ID_6lYu61oU,0.005517907906323671
ID_6o3Qh4TE,0.9927456974983215
ID_6oR68NQI,0.002812498016282916
ID_6perLU65,0.9910969734191895
ID_6qXAlTjF,0.999462902545929
ID_6qXaGW9Q,0.9993402361869812
ID_6roc35D0,0.016269413754343987
ID_6vm6hjnL,0.9999939203262329
ID_6vsPd7YP,0.2369289994239807
ID_6wBzl7Sg,0.7714256048202515
ID_6wxPqVlS,0.006669066846370697
ID_6y4LMMsF,0.05727359652519226
ID_6yAenqzA,0.22678875923156738
ID_71VPb6Ky,0.7862780094146729
ID_7222GFS0,0.00013113391469232738
ID_729f29LI,0.9891963005065918
ID_73fuiuUy,4.601447471941356e-06
ID_74ySyMOB,0.9976703524589539
ID_76UMDaHH,0.00024152528203558177
ID_78wNN5lc,0.6001683473587036
ID_7AlZT50n,0.022589318454265594
ID_7Bji1MU4,0.029188372194767
ID_7EN4Tsz9,0.018966911360621452
ID_7F4WP5km,0.7043319344520569
ID_7G4DW7F3,1.7672548437985824e-06
ID_7HGdIEYJ,0.0017053027404472232
ID_7I9zrKIz,0.999971866607666
ID_7LPTspdN,0.9970530271530151
ID_7Lihy1dP,0.6552601456642151
ID_7PlFZcWo,0.00030616691219620407
ID_7T6zAg3g,0.8069377541542053
ID_7TirRuOx,0.9997106194496155
ID_7TqoJZcb,0.9994638562202454
ID_7XQSp6ui,0.0008522936841472983
ID_7XgaX9jq,0.9964008331298828
ID_7YOrH07A,0.7101011276245117
ID_7bHG4rdG,0.06414937973022461
ID_7bgMVpUc,0.9983741044998169
ID_7cDXS4xP,0.9382036924362183
ID_7g6jG2o8,0.9562812447547913
ID_7h16tDUe,0.998999297618866
ID_7hdOW646,0.0011511488119140267
ID_7hyCK69w,0.9999940395355225
ID_7ivtqNxh,0.0004814069252461195
ID_7izN5UbK,0.7040547728538513
ID_7jPpzJrb,0.002367514418438077
ID_7lE3Aem2,0.0002046383888227865
ID_7m89zRMX,0.9930099248886108
ID_7qEVDkQF,0.5519916415214539
ID_7qr43HkE,0.0003137941239401698
ID_7tHMmsto,0.000633593590464443
ID_7tIOcUgF,0.9581204652786255
ID_7v4bxWsN,0.9995157718658447
ID_7vBaaHMd,0.011508463881909847
ID_7vc4YtPo,0.999971866607666
ID_7vcGx2Gv,0.5579176545143127
ID_7x3ICIfh,0.016035614535212517
ID_80DTu9ZO,0.02122972346842289
ID_83h4aeVb,1.0
ID_87JcYSWg,0.8595750331878662
ID_87bvBp6N,0.9918796420097351
ID_8GPT7MGc,0.0005947125609964132
ID_8HXi9bxX,0.00022906510275788605
ID_8HsxjeXQ,0.023490434512495995
ID_8JOWf0MC,0.008305879309773445
ID_8KwDPlbS,0.008735381998121738
ID_8LcZ73gh,0.015390858054161072
ID_8LchWmsQ,0.8160645365715027
ID_8NCgllIx,0.9990173578262329
ID_8NFwzF8C,0.003613353008404374
ID_8PGjIi3R,0.9859446287155151
ID_8TlV54js,0.0017256628489121795
ID_8UBdWrMB,0.8839586973190308
ID_8aRoSbfP,0.9996757507324219
ID_8ab5fH6n,0.9719803333282471
ID_8bhAWTX5,0.8755890727043152
ID_8bnuvxG7,0.9895262718200684
ID_8cGuKjgV,0.9984361529350281
ID_8cuVZyE3,0.00011161647125845775
ID_8dktJFTi,0.9996370077133179
ID_8eV95hzs,0.9855043292045593
ID_8fS4GxD2,0.9490756392478943
ID_8fzxWXtd,0.9872382879257202
ID_8h7Lnv3H,0.9826449751853943
ID_8lRAiAAE,0.9923133254051208
ID_8molVPDG,0.9988553524017334
ID_8nsJzi6k,0.00018042117881122977
ID_8oi0NM2v,0.957986056804657
ID_8qd2hCks,0.022992534562945366
ID_8tgtlIMN,0.03862013295292854
ID_8tlryIUk,0.4703417718410492
ID_8wjbVqTh,0.005726753734052181
ID_8wrAnikc,0.9999721050262451
ID_8wxJre9A,1.09899419840076e-05
ID_8yeEwvCW,0.8205173015594482
ID_8zMCvKHJ,0.00872986763715744
ID_91Ghfm4M,0.0003923137846868485
ID_92PgI9bx,0.039220523089170456
ID_94wAYA3K,0.9937552213668823
ID_970FQJaT,0.9335031509399414
ID_98uBW4Kp,0.9639328122138977
ID_9A04ynHw,0.0011250327806919813
ID_9ABWNGzp,0.10339940339326859
ID_9CCU3RM9,0.9996687173843384
ID_9GtGdi1Q,0.08678168803453445
ID_9HvuXTSP,0.2435431182384491
ID_9NCyl7UT,0.0003065722994506359
ID_9OwkG9QF,0.07752979546785355
ID_9P0zNcLl,0.0016866375226527452
ID_9P1ZQCgE,0.9997881054878235
ID_9RaM8O5d,0.011404928751289845
ID_9TJQasya,0.9999995231628418
ID_9TwwyNza,0.9836450815200806
ID_9V6AgzV6,0.9986458420753479
ID_9W8Dgwmt,0.4399530291557312
ID_9WHMI6d3,0.886099636554718
ID_9XMdIuw5,0.7612694501876831
ID_9XTs2unP,0.0001559270458528772
ID_9ZPumpqT,0.9989786148071289
ID_9bzKgnQo,0.8717142343521118
ID_9c33SzWW,0.5199692249298096
ID_9cBtTliF,0.02787373960018158
ID_9cBwjQKv,0.9999921321868896
ID_9dyc9DhS,0.002967957640066743
ID_9fJXDD7V,0.9998853206634521
ID_9h7vJ7l4,0.7655827403068542
ID_9hHx3uCI,0.9999867677688599
ID_9hTZW0Gr,0.9599270820617676
ID_9i5EOG9E,0.9998679161071777
ID_9ihPudgm,0.0004401436308398843
ID_9ioV2Bdl,0.28244152665138245
ID_9iwqGYeR,0.00012875261018052697
ID_9jbGF0wh,7.630565960425884e-05
ID_9kHNEz6x,1.7412323359167203e-05
ID_9kYcUQ5m,0.9554268717765808
ID_9l0GOZJy,0.00016723906446713954
ID_9nPat7wE,1.52029242599383e-05
ID_9nRoxGS2,0.999823272228241
ID_9o3lUhCX,0.18038807809352875
ID_9ox8ER3f,0.041830144822597504
ID_9tTKLtF2,0.21557602286338806
ID_9tmvsebV,0.9462029933929443
ID_9v92EMeb,0.9999960660934448
ID_9vO9BzoM,0.9999994039535522
ID_9y9XVrd1,0.10204418003559113
ID_A17iJ2w5,8.066504051384982e-06
ID_A1qWbkTY,0.9999974966049194
ID_A2HGGEYI,3.622776887368673e-07
ID_A3urrGlh,0.9999620914459229
ID_A4n16kQ4,0.9999150037765503
ID_A73kqV8Z,0.0017427090788260102
ID_A8eIXmmi,0.9996684789657593
ID_ADKkqAXj,0.8931962251663208
ID_ADQvADIQ,0.9999973773956299
ID_ADcj7Fg5,0.9928032755851746
ID_AEi6WFjz,0.045826852321624756
ID_AEpn9MHC,0.10329528152942657
ID_AGOMmcIk,0.005217407364398241
ID_AHCkouCq,0.9991734623908997
ID_AHli8YyL,0.9995417594909668
ID_AIUREnyb,0.9168540835380554
ID_AIhXqpS1,0.004948974587023258
ID_AJhB5EAf,0.014370112679898739
ID_AJhxm4lO,0.9967405200004578
ID_AKEHVRD4,0.13266685605049133
ID_ALdjWJcy,0.0007015960873104632
ID_ALtQAGWH,0.9457743763923645
ID_AMkHWRfh,0.3294675648212433
ID_ANcuve3K,0.00016450999828521162
ID_AObbvEWJ,0.04502471908926964
ID_APJyenyi,7.420746328534733e-07
ID_AQNHP2Un,0.016607781872153282
ID_AQZDAYS8,0.9998082518577576
ID_AQdYLftD,0.9999463558197021
ID_AQfma4uq,0.9999970197677612
ID_ARjAeQsa,0.0007795098354108632
ID_ARn5EMSb,0.18122723698616028
ID_ASZcitRB,0.9999703168869019
ID_ASdV8smQ,0.9999980926513672
ID_AUq295m4,0.9998692274093628
ID_AVM1Q6eV,0.00020972284255549312
ID_AWX1O16R,0.9781109094619751
ID_AXM9N5lO,0.20843112468719482
ID_AYEUTmC4,0.0026054817717522383
ID_AZCW2JHe,0.9976220726966858
ID_AbkT9by1,0.9975486397743225
ID_Abyo4wQv,0.9312296509742737
ID_Adh0gug0,0.9814530611038208
ID_AelPIx7Q,0.9997312426567078
ID_Ag3a2lFA,0.006816145032644272
ID_AiUrRs7t,0.9984883069992065
ID_Aj5lGhwP,0.6699956059455872
ID_AjRbutlJ,0.9999967813491821
ID_AjW1J6NI,0.9513919353485107
ID_AkgPlfwG,1.0
ID_AkqyYGYd,0.034469589591026306
ID_AlULIsUI,0.08828525990247726
ID_AlfdzEeO,0.876488447189331
ID_Ao2jhPm8,0.978988766670227
ID_ApE6rase,0.9953150749206543
ID_AqTqZ8Xd,0.9999856948852539
ID_ArW4Hu3v,0.04945021867752075
ID_AtqjjSex,0.001237706863321364
ID_AukAOnep,0.06986792385578156
ID_Ay5zltyq,1.0642896086210385e-05
ID_AzcCuHfa,0.28043821454048157
ID_B0BK8nEk,0.9999947547912598
ID_B0Co8PvK,0.0035642681177705526
ID_B13plocb,0.542209804058075
ID_B1ZAUfOy,9.200327622238547e-05
ID_B2gTPMff,0.6025522947311401
ID_B5307Zz3,5.041799340688158e-06
ID_B8GEzwne,0.003724663984030485
ID_BAyqu3br,0.9999486207962036
ID_BCB5Tfix,0.012793156318366528
ID_BFlOHnQ9,0.004407536704093218
ID_BFzdPoto,0.9720368385314941
ID_BH32sM5H,0.0018028797348961234
ID_BHWeyEfM,0.9982765913009644
ID_BI06UjRU,0.004056460224092007
ID_BKRzXKiB,0.00010485707025509328
ID_BKwNtPVr,0.29639217257499695
ID_BLk6PonS,0.011076797731220722
ID_BMqlHHhY,0.9999973773956299
ID_BNO2SmwP,1.7826529074227437e-05
ID_BNzToBQ7,0.1031993180513382
ID_BPNXbcBc,0.8867119550704956
ID_BQF7gbFg,0.013060909695923328
ID_BRPJzixI,0.22415690124034882
ID_BSldocXX,0.0002968197804875672
ID_BU6nrr01,0.4801856279373169
ID_BW5TGPY3,0.0030712501611560583
ID_BYRF4snG,0.9999604225158691
ID_Bc9Fq7mo,0.3926878571510315
ID_BdB1P9SR,0.20952440798282623
ID_BeuNkGsl,0.9249975085258484
ID_BfaxJhX0,0.0006100405589677393
ID_BgLBERu9,0.025677286088466644
ID_BhNoiv59,0.028102373704314232
ID_BiGi942O,0.07304824888706207
ID_BipSOU03,0.977436900138855
ID_BjAKeZ9S,0.8832283616065979
ID_BkIzagHI,0.03485952690243721
ID_BkKw3BSD,0.9596580266952515
ID_Bl3GOgLl,0.7332924008369446
ID_BnEDuG2m,0.9999501705169678
ID_BnZjv5Ub,0.011940889991819859
ID_BpD84PtE,0.007211112417280674
ID_BqC0Uv9x,0.9937283992767334
ID_BrQoI9e2,0.010396858677268028
ID_BvDc9bWk,0.002016077982261777
ID_BvkoZC89,0.16223403811454773
ID_BwCOH45J,0.9964488744735718
ID_BxXcJNKo,0.011366155929863453
ID_By3JLhID,0.032026201486587524
ID_C2KHaEPn,0.12384124845266342
ID_C5brIRD2,0.9930188059806824
ID_C69SBxxS,0.05296740680932999
ID_C72SjM0h,0.00010113736789207906
ID_C7a9WA45,0.9297207593917847
ID_C9IiL4m1,0.14158284664154053
ID_C9jKoIKf,0.998473584651947
ID_CA8cWz6I,0.999908447265625
ID_CDKFBUol,0.45981284976005554
ID_CDvdPgHo,0.9998908042907715
ID_CEEuFPht,0.9102573990821838
ID_CFmNbGxN,0.00784284621477127
ID_CII0YKP7,0.046037573367357254
ID_CJkv2xXS,0.9350464940071106
ID_CL7Gm1nY,0.9982441663742065
ID_CLGFXbyu,0.9999921321868896
ID_CLlmNReh,0.08045244961977005
ID_CMLuveUf,0.9974628686904907
ID_CNXKjKpX,0.9995236396789551
ID_CNyhunCT,0.9992258548736572
ID_CPA8ZT4P,0.004168270621448755
ID_CQJhAURV,0.9994162321090698
ID_CRmohbhi,0.0003757296653930098
ID_CSofCJKh,0.984505832195282
ID_CUZqv5Xm,0.8876444697380066
ID_Cb2hLGM4,0.0013744262978434563
ID_CdObratO,0.9918667674064636
ID_CdWihF2Y,0.8503632545471191
ID_Ce81gmIy,0.9997221827507019
ID_ChQ4W5oz,0.12136152386665344
ID_Ci5dJ4wV,0.8196075558662415
ID_Ci7dfQGG,0.9528673887252808
ID_CiILSxSp,0.27082228660583496
ID_CitSUbPk,0.6957050561904907
ID_CkX7rel4,0.00030304593383334577
ID_CpJphp85,0.09121069312095642
ID_CpLShPMi,0.9999126195907593
ID_CptBVnBF,0.001439074520021677
ID_CwGKbHCr,0.006338885519653559
ID_CwRx4BJn,0.9999252557754517
ID_Cx05BnXH,0.9999923706054688
ID_Cx6aYJB1,0.00017539082909934223
ID_CxFFV8Ex,0.004409541841596365
ID_CxOAbNsg,0.07573392242193222
ID_CxxnIWfQ,0.4388907253742218
ID_CzQKVhtv,0.9459762573242188
ID_D08zLlBd,0.00028017302975058556
ID_D0QbHUpq,0.9515024423599243
ID_D0tmS6FO,0.8680247068405151
ID_D1Psd5m2,0.012550970539450645
ID_D1iJIxuj,0.9997696280479431
ID_D296LWSn,7.957502020872198e-06
ID_D4wZA48U,0.8276011347770691
ID_D6qP2KVQ,0.0033701902721077204
ID_D6vCMBJo,0.11435452103614807
ID_D92p3lgV,0.9999496936798096
ID_D9LxjB0y,0.00013759138528257608
ID_D9Z95mU2,0.6366987824440002
ID_DAFjtHzn,0.9601027965545654
ID_DC3UQ11R,0.037290170788764954
ID_DCa6e207,0.2649095058441162
ID_DE9vMsIM,0.4203571677207947
ID_DGBneZOA,0.24737262725830078
ID_DJ40PPAE,0.9952300786972046
ID_DJk9xnMU,0.002533836057409644
ID_DK8JcieH,1.67366106325062e-05
ID_DMBuURIR,0.022168008610606194
ID_DN9rnwy2,0.4288088381290436
ID_DNFGPZX5,0.9924702644348145
ID_DNOqiID9,0.9615477323532104
ID_DOVd0sfa,0.9762575030326843
ID_DPNaognG,0.075514055788517
ID_DPXrOxHB,0.0009360121330246329
ID_DQLYJVSZ,0.9999998807907104
ID_DRfZ3vHA,0.5554245114326477
ID_DS41NYr9,0.061047691851854324
ID_DSeKoBLS,0.9384827017784119
ID_DU925RR0,0.9998160004615784
ID_DVBjry7L,0.6195946931838989
ID_DWu8ukDx,1.6771409718785435e-05
ID_DYoCgjs2,0.3557831645011902
ID_DaED5Y85,1.0
ID_DaY8DUJa,0.9999910593032837
ID_DbGeKjMH,0.9712374806404114
ID_DblpFDpz,0.9998219609260559
ID_DcOV1bbG,0.9677505493164062
ID_DeM2Dv8v,0.8385039567947388
ID_DfDR34Ny,0.9550551772117615
ID_DguXXg56,0.0007918310584500432
ID_DhQBrPQw,0.8931816220283508
ID_DhWmK7fy,0.7494122385978699
ID_Di7xgaI2,0.9718815684318542
ID_DiIFAPSz,0.8221170902252197
ID_DkAnN1dK,0.04085934907197952
ID_DkBDo5oL,0.9998346567153931
ID_DkVO5MXm,0.0005836527561768889
ID_DkevQyr3,0.8452850580215454
ID_DlHIx8Ir,9.41279431572184e-05
ID_DmazIZWm,0.04378574714064598
ID_Do5FPKDy,0.00661202147603035
ID_DoTd26Hx,0.00518772890791297
ID_DoUfSN9O,0.999897837638855
ID_Dob9HtXg,1.313191660301527e-05
ID_Dr5sbLg6,0.8262932896614075
ID_Dr6zZr2g,0.8779935836791992
ID_Drb5X3En,0.7013684511184692
ID_DscSRzti,0.5843287110328674
ID_DtMMgbi9,0.9959096908569336
ID_DtyKx9wO,0.5863780379295349
ID_Dx8wuvm7,1.0
ID_DxT1sHsg,0.04529237374663353
ID_Dy6MV5ta,8.685013199283276e-06
ID_DyGVRfmd,0.9661190509796143
ID_DzJnRlRF,0.07104763388633728
ID_E5MIH4sc,0.09309990704059601
ID_E6tHOjR1,0.00011848637223010883
ID_E7DkHS8D,0.9976590871810913
ID_E9B2yc2z,0.9946159720420837
ID_E9BEXEGz,0.92532879114151
ID_EBlTFL61,0.843265950679779
ID_EBsMwY1E,1.3991217201692052e-05
ID_EE0o7tea,0.9693289995193481
ID_EEeuyXPl,0.004678366240113974
ID_EGTGiRwv,0.9999901056289673
ID_EGlM6G40,0.9083743095397949
ID_EHQHBdRM,0.04364950954914093
ID_EHx5JTTX,7.747491326881573e-05
ID_EI2pUFns,0.9994426369667053
ID_EMVwUiQs,0.06133576110005379
ID_EQJGeV5o,0.11270314455032349
ID_EQv7kB46,0.9991756081581116
ID_ERJQFNIT,0.9998414516448975
ID_ETTPLgtt,0.0012002153089269996
ID_EUYzInjK,0.9993181228637695
ID_EUeTKpOe,0.9994950294494629
ID_EVwCB0pz,0.22903232276439667
ID_EWBUHkpH,0.9357618689537048
ID_EWG7mWMf,9.970144674298353e-06
ID_EWPjqVjm,0.0014089542673900723
ID_EY5LbVvk,3.386154639883898e-05
ID_EZYZV2k0,0.8618448376655579
ID_EcsYRFTr,0.999021053314209
ID_EdwlQJoh,0.015229601413011551
ID_Egw08euu,0.23815061151981354
ID_Ehj9FuM8,0.064704030752182
ID_Ei0p4CRO,0.8646559715270996
ID_ElCgl0Ab,0.9998469352722168
ID_ElTPnhN4,0.9999958276748657
ID_EoNub6gI,0.2324981391429901
ID_EpzpDquC,0.009943748824298382
ID_EqixEuYi,0.07616334408521652
ID_EtSLCvut,0.030937066301703453
ID_EtaKVmaB,0.24190771579742432
ID_EubNqcee,0.5408668518066406
ID_EwUzigoC,0.9879615902900696
ID_EwZrvbXs,0.9063085317611694
ID_Ewz2NJX2,0.9795098900794983
ID_Eyad00o6,0.009868480265140533
ID_F0D1ieHk,0.9911472201347351
ID_F0odfAz0,0.0018813349306583405
ID_F2yQO4Rz,3.44204590874142e-06
ID_F46gOi8n,0.05467396602034569
ID_F9v8VtsC,0.9498031139373779
ID_FARTUsAL,0.22083179652690887
ID_FAWk35W1,4.3984822696074843e-05
ID_FCKNuG5g,0.08945482224225998
ID_FE2FTrDK,0.9999973773956299
ID_FEYFcdnw,0.27888867259025574
ID_FI53RRlv,0.9991846680641174
ID_FIUm3ycu,0.9998154044151306
ID_FJdDdWww,0.0042168376967310905
ID_FL93gQRm,0.2759847044944763
ID_FLLirMfH,0.9999947547912598
ID_FLWyIjQC,0.9999969005584717
ID_FMLG3Fib,0.3473433256149292
ID_FOTTpd4p,5.323842060533934e-07
ID_FPW3AQvH,0.0004023555666208267
ID_FQiMPHsT,0.5971829891204834
ID_FR8XKQF9,0.9997311234474182
ID_FSVncKdz,0.662467896938324
ID_FSoZJ2ZT,0.208173930644989
ID_FVNdFJwo,0.998060405254364
ID_Fa8KfYZK,0.999518632888794
ID_FaoRE1fD,0.058207955211400986
ID_FdI0k3Bl,0.06919931620359421
ID_FeSxmeRw,8.396166776947211e-06
ID_FgubhyJ5,0.9995132684707642
ID_FiFc4VuW,0.003933200612664223
ID_FjIk86Gj,0.011753525584936142
ID_Fk7ncq6J,0.5279220342636108
ID_Fl8GL7vW,4.396853228172404e-07
ID_FrDRqlbJ,0.9999898672103882
ID_FrqzkmiK,0.672684371471405
ID_FssLUfXI,0.9982348680496216
ID_FtwKLziH,0.999957799911499
ID_Futy6UCQ,0.003363949479535222
ID_FvYO7EK8,0.9717573523521423
ID_FwHpIEvU,0.9981775283813477
ID_FxKHJNXL,0.9999899864196777
ID_G3Gqx53k,0.9999765157699585
ID_G7Agauk0,0.9999390840530396
ID_G7U65VUO,0.9985254406929016
ID_GB6mcnIb,3.2811538403620943e-05
ID_GD0UDAHw,0.014336551539599895
ID_GFCLO42o,5.67726201552432e-05
ID_GGLvJYqw,0.49383077025413513
ID_GGNp3zQm,0.1239696815609932
ID_GGsca5qR,0.9764571785926819
ID_GIG7cJQF,0.011235245503485203
ID_GIJXnwMv,0.005922500044107437
ID_GJJPkwWM,0.9198908805847168
ID_GJfEOoOS,0.025464048609137535
ID_GNStTRWb,0.8106582164764404
ID_GPAnX2C7,0.0005300255725160241
ID_GQXM5AQ7,0.07885516434907913
ID_GQYwKYqn,0.9993690848350525
ID_GRVfXEhh,0.9865152835845947
ID_GS2HUYjb,0.0038166488520801067
ID_GSBRCcby,1.6789444998721592e-05
ID_GXfyxluQ,0.0002999475982505828
ID_GaHG7kPL,0.998819887638092
ID_GaQvVWbo,0.7213273048400879
ID_GcSJJ1fF,0.014890814200043678
ID_GdKGU2HL,0.17351795732975006
ID_GdNWLhpP,0.9006960391998291
ID_Gfb9UuDf,0.9784165620803833
ID_GfjhgU7C,0.009546812623739243
ID_GgbisHXP,0.9482496380805969
ID_GjAvYvc6,0.9964487552642822
ID_GrPVk8dO,0.6204354166984558
ID_GtDxOsf0,0.0009451371734030545
ID_GtUgxF4s,0.0013934127055108547
ID_GuwVO7Cm,0.004194183740764856
ID_Gw88Mei4,8.807498488749843e-06
ID_GwEZen9S,0.6996417045593262
ID_GwVE3U31,0.999951958656311
ID_GyEqD4HL,5.8443220041226596e-05
ID_Gzin6ysB,0.28005078434944153
ID_Gzx4upR0,0.6609387397766113
ID_H0XT6NCw,0.2679505944252014
ID_H2X7CK4i,0.9998961687088013
ID_H2tho5M3,0.002368906745687127
ID_H4EAIHgO,0.9823595881462097
ID_H4jCxfxl,0.00025168349384330213
ID_H5Dqkq22,0.020466871559619904
ID_H5IHjowN,0.003430892014876008
ID_H7FFbWcv,0.9591735601425171
ID_H7QHDFQi,0.00013339304132387042
ID_H8FBYxEa,0.9712779521942139
ID_H902ONJX,0.9990812540054321
ID_HAKZXr2q,0.9997850060462952
ID_HBr86LzR,0.9987630844116211
ID_HCULToPi,0.0007518077036365867
ID_HCUkIGuu,0.9993253946304321
ID_HEgtUEP1,0.9912683963775635
ID_HEjhNYrK,0.9946706891059875
ID_HEmjV7Jx,0.9999973773956299
ID_HFDxjITY,0.0165622066706419
ID_HG7P18S6,0.0001356062275590375
ID_HHX2dYHI,0.9957960844039917
ID_HIige6fD,0.00038534842315129936
ID_HLEden3T,0.01545464713126421
ID_HLS3Ut4J,0.9993014335632324
ID_HOVhFyef,0.9999988079071045
ID_HQJ0hap1,0.8728366494178772
ID_HRMINFUb,0.020439520478248596
ID_HSd9j4X5,0.02884986251592636
ID_HSpWxVu5,0.06613074988126755
ID_HVU9vSnZ,0.9996352195739746
ID_HWDnJ0Rk,0.017836613580584526
ID_HXXBPQGM,0.0003130339609924704
ID_HYKRU6J9,0.34032660722732544
ID_HaHXchlu,0.999955415725708
ID_HaT0XmRO,0.8038976788520813
ID_HbF5GExE,0.9959896206855774
ID_HcmcIJGQ,0.9998569488525391
ID_HdJSn5MW,2.2628286387771368e-05
ID_HdwNLAR6,1.4722185142090893e-06
ID_HeBgnLUm,0.013346103020012379
ID_HfOt8G3L,0.021909313276410103
ID_HfwfmFIR,0.5505163669586182
ID_HgrTCszm,0.006230916827917099
ID_HiJRmglz,2.6869491193792783e-05
ID_HibbbS4y,0.030484339222311974
ID_HjveotB4,0.44303229451179504
ID_HkP2WT0r,0.9996986389160156
ID_Hkk4nyL2,0.9981204867362976
ID_HmS453an,0.004457706119865179
ID_HpGIgBFP,4.5256172597873956e-05
ID_Hs45Bzk8,0.09402072429656982
ID_HtinHUt5,0.00016957850311882794
ID_Hu1iOUKq,0.008275385946035385
ID_HucvryIO,0.5311952233314514
ID_HvefUaHD,0.005934629589319229
ID_HxECndFJ,0.9999997615814209
ID_HxImK4FF,0.02435697428882122
ID_I17eX6Qz,0.8945299983024597
ID_I6Goirwy,0.002159981755539775
ID_I9lJ4nVj,0.0844077467918396
ID_ICfFeeD7,0.48819854855537415
ID_IEIkcE0D,0.9999963045120239
ID_IEXjvhyT,0.9949401617050171
ID_IEud8MSn,0.9724012613296509
ID_IGnGUAIf,0.010035552084445953
ID_IGv46aPk,0.5630677342414856
ID_IIHcAmIo,0.03371525928378105
ID_IJuXnm2u,0.9396570324897766
ID_ILNg0cgA,0.2810674011707306
ID_INpuVYlq,0.04336514696478844
ID_INsNKo5M,0.3430042266845703
ID_IOYVDduC,0.40150293707847595
ID_IQzuD30r,0.9999959468841553
ID_ISvZlml5,0.0005000762757845223
ID_ITCJFPRL,0.9875561594963074
ID_IU3QdXpM,0.9999879598617554
ID_IUaR7c19,0.9937958717346191
ID_IVAvceCJ,0.16080926358699799
ID_IXOTGo1y,3.3752799936337397e-05
ID_IXaQekqR,0.06013210862874985
ID_IXimpYyg,0.013312357477843761
ID_IYAni3GY,0.9995983242988586
ID_IaHSBARM,0.9996015429496765
ID_IaO28fLB,0.0022443262860178947
ID_IbBGNz3A,0.9976957440376282
ID_IcB2jiBv,0.9999397993087769
ID_IcXoDK0z,0.9982187151908875
ID_IdVCK7g5,0.9992965459823608
ID_IeAdQxaC,0.9817672371864319
ID_If0eKrFS,0.9999904632568359
ID_IgHWwLJb,0.9849441647529602
ID_Ihl09Qvk,0.8147165179252625
ID_Ij2b3PuF,0.8808302283287048
ID_IjyNgXQc,0.9355228543281555
ID_IkaNT6Q2,0.9999737739562988
ID_Im3YjaVP,0.9999562501907349
ID_ImObXUr4,0.03279914706945419
ID_ImjpkS3n,0.9907163977622986
ID_InBKl0HK,0.0466141514480114
ID_InIsHQ1L,0.09811078011989594
ID_IoPzPb0K,0.04729509353637695
ID_IoxWsU3Z,0.286913126707077
ID_Iur8p6jC,0.4165853261947632
ID_Iv15AYeJ,0.9898547530174255
ID_Ix2eb7eT,0.9999977350234985
ID_Ixlq5sHf,0.10638618469238281
ID_Iyiq6Mk8,0.9994926452636719
ID_J1XoGTmM,0.8683652281761169
ID_J3O1i1f2,0.014015858061611652
ID_J40EvFIt,0.0015239563072100282
ID_J4Btsyfa,0.8356003761291504
ID_J4KnVZOl,0.001243413076736033
ID_J50Fd2PE,0.14319893717765808
ID_J6UY9R1Y,0.9999966621398926
ID_J6VXvELD,0.9811423420906067
ID_J71Fjlbo,0.056490566581487656
ID_J8GyIVXO,0.38841086626052856
ID_JAFc8ecX,0.9996594190597534
ID_JBMuvXvY,0.5631834864616394
ID_JBel5RwQ,0.001358827343210578
ID_JDllexNP,0.8626464009284973
ID_JE3DHm6c,0.9727105498313904
ID_JFjE7ULD,0.9918821454048157
ID_JI44CAhX,0.1585371494293213
ID_JIEwjlrC,0.9970566034317017
ID_JIaSnXgj,3.1793103971722303e-06
ID_JImNYa3t,0.9998045563697815
ID_JK6hGivO,0.9839490056037903
ID_JLtxOpo8,0.9992048144340515
ID_JMKlkvcm,0.8551704287528992
ID_JPSKCVcn,0.9997785687446594
ID_JPZy8God,0.9928883910179138
ID_JQK1u1QW,0.00044814488501287997
ID_JQhjMMdQ,0.8600689172744751
ID_JS7f6BYk,0.9995598196983337
ID_JWFiZ8i6,9.294451592722908e-05
ID_JYhiz2NL,0.00820879265666008
ID_JZ1vR2Jp,0.9943040013313293
ID_JZXZIu4x,0.9930382370948792
ID_Ja9uFFVE,0.9192726016044617
ID_JaZNcqXC,0.9618592262268066
ID_Jag1ThPV,7.085489050950855e-05
ID_JahDYNEA,0.9998377561569214
ID_JclaWESP,0.9964810609817505
ID_Jd9km231,0.024005500599741936
ID_Jfcq2QxB,2.242054279122385e-06
ID_JhM4yQee,0.9648825526237488
ID_JiA1TwLI,0.9960243701934814
ID_JiKfXwC5,0.5250663161277771
ID_Jic3tRge,0.9993175268173218
ID_JkTAn36o,9.155439329333603e-05
ID_JrjPXrL6,0.9977207779884338
ID_Jrjcksic,0.0032762866467237473
ID_JsVWvr3p,0.008346755988895893
ID_JvmFFn80,1.0
ID_JwoqgseD,8.349811105290428e-05
ID_JwvsEl3O,0.0036326940171420574
ID_K0j0DwIU,0.9999945163726807
ID_K4Oic0Vs,0.020494531840085983
ID_K6WbzhHj,0.9982044696807861
ID_KBtDeFFv,0.2952711284160614
ID_KCQQ52ag,0.16345764696598053
ID_KCVVjw6k,0.052193570882081985
ID_KCxG9afb,0.07787846773862839
ID_KDCj2sk7,0.19447512924671173
ID_KEi3TJw1,0.00015253106539603323
ID_KI2TS9yV,0.01815401017665863
ID_KIFDl1S1,0.09279841929674149
ID_KJrsXxMa,0.9999732971191406
ID_KL6efCJD,0.9695595502853394
ID_KOeVK30z,0.965753436088562
ID_KPUiZZiP,0.27025577425956726
ID_KQNDysK5,7.407518569380045e-05
ID_KYFINuWn,0.24503232538700104
ID_KYoKCdBy,0.04257423058152199
ID_KZVZIVl7,0.9949198365211487
ID_Ka6jIrNo,0.8283800482749939
ID_Kaad1WTy,0.39975398778915405
ID_Kb6CO3Iz,0.048341769725084305
ID_KdswKjuZ,1.330017221334856e-05
ID_KebthD60,0.999972939491272
ID_KfvzMNwe,0.2621619701385498
ID_KfwLEF3N,0.8709027171134949
ID_KgSp5ebj,0.19543015956878662
ID_Kj22rEHw,0.03714241832494736
ID_KjasuyPZ,5.1642473408719525e-06
ID_KjlyGwPa,0.005192682612687349
ID_Kl2B3osN,0.9949356317520142
ID_KmQUCjiT,0.03809525817632675
ID_Ko6S0fSV,0.9997531771659851
ID_KoyeGEKL,0.0015043016755953431
ID_KpXqYiaV,0.9998555183410645
ID_KqRT2Ury,0.0007918193587101996
ID_KqjmSjaH,0.9999994039535522
ID_Kqr3NZ5Z,0.24983319640159607
ID_KrB39klh,0.990818440914154
ID_Ksp7f1KU,0.0028650613967329264
ID_KuReEVMI,0.015718834474682808
ID_KuSDliOO,0.5521321892738342
ID_KuSYQa2a,0.011751802638173103
ID_Kv7j3oou,0.582324743270874
ID_KvVXcqlR,0.03867857903242111
ID_KxLkIhrZ,0.7887781858444214
ID_KySS6Klw,0.9462431073188782
ID_L0BXARmJ,0.5329919457435608
ID_L12hhxgi,0.7274995446205139
ID_L2D1NACi,6.206386751728132e-05
ID_L3BewowP,0.9513076543807983
ID_L4XcrZaJ,0.0005537209217436612
ID_L5WyDnuo,0.9998955726623535
ID_L5eQ1M53,0.9692845344543457
ID_L73d2CZo,0.010865948162972927
ID_L85nFwGc,0.39282500743865967
ID_L8bYtvfu,0.0022411602549254894
ID_LBpeGIHu,5.000633609597571e-05
ID_LEbUPJCg,0.1614295095205307
ID_LHd5Sm7T,0.9572806358337402
ID_LIUQqdP6,0.9974270462989807
ID_LKG8w8C3,2.654541822266765e-05
ID_LKGQSHNx,0.0245827529579401
ID_LLWrmtT0,0.9999619722366333
ID_LOjY6gLw,0.009547830559313297
ID_LPQUwk3z,0.9999947547912598
ID_LQA7WdRr,0.9404682517051697
ID_LQzCJ2U4,0.9999274015426636
ID_LRJQeKXR,0.9999954700469971
ID_LUcs3fFn,0.9809869527816772
ID_LVgC8tDU,0.29475098848342896
ID_LZSqzbgb,0.031117120757699013
ID_Lb0rQEjE,0.3805995285511017
ID_Ldw8RzWk,0.7841973900794983
ID_LgDVL3De,0.9999790191650391
ID_LhGfcxfE,3.576324525056407e-05
ID_LixUqJPY,0.1159682422876358
ID_LkA8Bhp3,0.9895687699317932
ID_LmAePWFm,0.885189950466156
ID_LpXdQiTe,0.9999756813049316
ID_Luf8WOZb,0.18447676301002502
ID_LvagGwVM,0.0008367821574211121
ID_LwGC2OWM,0.021920358762145042
ID_LxDszl4L,0.9698949456214905
ID_LxHYG6xa,0.16583891212940216
ID_LxLTOyw7,0.9999810457229614
ID_LzqXR5IZ,0.7339088916778564
ID_M0GIaF4M,0.9996515512466431
ID_M2s3LzY1,0.021533796563744545
ID_M42figrW,0.5597904324531555
ID_M4KRKiPJ,0.00014582015865016729
ID_M53oXEUl,0.04889118671417236
ID_M7RItyq8,0.9991137385368347
ID_M9uKugvT,0.000657058204524219
ID_MB3TQZ09,0.9995684027671814
ID_MBI7h879,0.26751625537872314
ID_MBlkr0LG,0.00037176869227550924
ID_MD45epNZ,0.8991557359695435
ID_MEEcaZMO,0.8422553539276123
ID_MF57xlXk,0.07657492905855179
ID_MFF3jvH8,0.08542458713054657
ID_MGHNPUMp,0.9993926286697388
ID_MGbC5pTv,0.9999959468841553
ID_MHHW0YEN,0.8741596937179565
ID_MHqdq1eO,0.8690211176872253
ID_MI5Wx2TA,0.0048600248992443085
ID_MLFiM9Vl,0.6702380776405334
ID_MNfrbUdk,0.9976333379745483
ID_MPC68vuQ,0.973120391368866
ID_MPmkJQxZ,0.9999240636825562
ID_MQWPKfLO,0.9974939823150635
ID_MR6pni6F,0.9999942779541016
ID_MR7aTZsu,0.9999996423721313
ID_MT5Xokqp,0.9999947547912598
ID_MTAdOA9R,0.8672484159469604
ID_MTlsSHQ7,0.09510821104049683
ID_MVFWU0L1,0.999512791633606
ID_MVGubzv7,0.4567417502403259
ID_MVieqLdl,0.9924507737159729
ID_MXBFlWSs,0.9830467104911804
ID_MXD1XSa3,0.15523895621299744
ID_MZ1bP7LV,0.9998315572738647
ID_MZFZko6x,0.9959119558334351
ID_MZegXo0N,0.062351200729608536
ID_MaHZRRLt,0.4624883234500885
ID_McNpXCkr,0.9562672972679138
ID_MefgLRV7,0.9999988079071045
ID_MgBj8243,9.11107417778112e-05
ID_MgLuNCb7,0.9998180270195007
ID_Mi910Ap2,0.9999264478683472
ID_Milq9BrP,0.0002801762311719358
ID_MkFtS1Ba,0.0002301456843269989
ID_MljqhI5X,1.8203563740826212e-06
ID_Mm2EHO2Z,0.05969218537211418
ID_MmKrNrFx,0.9482787847518921
ID_MnlwAKZU,0.9964086413383484
ID_MnvrNs50,0.9935439825057983
ID_MoTofdoO,0.018087465316057205
ID_MotjHFk0,1.4258187547966372e-05
ID_Mpiezdvy,0.001428515068255365
ID_MqTbjqiH,1.1117217582068406e-05
ID_MtXga3u0,0.44921380281448364
ID_Mug6IjK3,0.22871293127536774
ID_MuoW62YK,0.010127103887498379
ID_MxE9sWSa,0.999985933303833
ID_MxgyzTiH,0.9998883008956909
ID_MzOBT9Vm,0.08930188417434692
ID_N1Zy3x1T,0.9940671920776367
ID_N2KwbJV8,0.0018701090011745691
ID_N2d29oS0,0.32528847455978394
ID_N3xiZlap,0.9999632835388184
ID_N4rnEFyu,0.8398777842521667
ID_N8stckPa,0.00029743253253400326
ID_N9gxVIlw,0.15273141860961914
ID_NABQY8EX,0.9996943473815918
ID_NCPqIPGF,0.9539564251899719
ID_ND5TCVB5,0.999314546585083
ID_NDxFQE6j,0.9998313188552856
ID_NEOXfmjN,0.9270638823509216
ID_NHMCFdxv,0.15659086406230927
ID_NHOMFeSM,0.07425801455974579
ID_NHUug4jU,0.013488506898283958
ID_NHa0kT9X,0.04459729045629501
ID_NHiZ2Av1,8.31945817481028e-06
ID_NLOliKg4,0.10729096829891205
ID_NLbSS8vw,0.9999550580978394
ID_NLi3TIhi,0.0005344615201465786
ID_NPJHtdLk,0.5585700273513794
ID_NT6JR00X,0.999924898147583
ID_NUoZjWIz,0.9240568280220032
ID_NZUjlR2N,0.9959932565689087
ID_NZjIMZcN,5.483560471475357e-06
ID_NZvFy6AT,0.0018573957495391369
ID_Nb09euZb,0.0039899637922644615
ID_NbtdxKd6,0.9996216297149658
ID_NfztCCk3,0.00021900331194046885
ID_NgTiPuXS,0.9999756813049316
ID_Nj0G3mHb,0.99991774559021
ID_NrDc9ZsL,0.013025246560573578
ID_NskDq7Ft,0.9999927282333374
ID_NsqiXooo,0.9703916907310486
ID_NtCQmLA0,0.8708999156951904
ID_NvHgWEE3,0.8252395391464233
ID_NyIemZYU,0.9693692326545715
ID_NyMLjObm,0.004161016549915075
ID_NzBFZaAB,8.926848749979399e-06
ID_O0HZdvje,0.9977982044219971
ID_O1vqWyIf,0.21228165924549103
ID_O2HcuqHD,0.8261767029762268
ID_O5SKGxU0,0.9999991655349731
ID_O6lnqiCO,0.9999532699584961
ID_OCpWtT2G,0.969654381275177
ID_OF2VyzQa,0.2141212522983551
ID_OI9yaYrm,0.9993903636932373
ID_OLpkZEX2,0.9740680456161499
ID_ONgpYQU9,0.12020640075206757
ID_OOuywraG,0.00012518152652774006
ID_OQYKNAb6,0.027821127325296402
ID_OVWIxXve,0.9998189806938171
ID_OVmnf3V7,0.0018589665414765477
ID_OWGN0F8X,0.033661335706710815
ID_OWiWyelp,0.12068387120962143
ID_OYlVkZsK,0.0001804096536943689
ID_OZ1zHK4G,0.0025655936915427446
ID_ObCLOCm0,0.9963511228561401
ID_OcKaKWQj,0.9998424053192139
ID_Ode3hC9d,0.999969482421875
ID_OeqW1MTt,0.9262362718582153
ID_OfMV3u7Z,0.9796392917633057
ID_OfsiuuKJ,0.0015848797047510743
ID_OgfMpRlA,0.9960632920265198
ID_OjmYbsLq,0.9505048394203186
ID_OkUZVTsI,0.31164661049842834
ID_OkXPN3fO,0.003680994501337409
ID_OmCmVCec,0.9993513226509094
ID_OoFo9xjN,4.671583610615926e-06
ID_OoR5u6js,0.9998043179512024
ID_OoT1tlLY,0.9448623657226562
ID_OqngFCj6,0.003317672060802579
ID_Or4WQV1e,3.7571502616629004e-05
ID_OsXWx3Th,0.13931336998939514
ID_OslcNCQX,0.9999977350234985
ID_OtgybtQN,0.0004166533180978149
ID_Oul9tYei,0.2326466590166092
ID_OwbBIKUy,0.00187474035192281
ID_Oy50njjF,0.9941796064376831
ID_OzxVFhxy,0.3563719689846039
ID_P0yXKn80,0.0006674836040474474
ID_P1GJwGgd,0.7299073934555054
ID_P5qEGwKp,0.9999566078186035
ID_P6qRM108,0.9893481731414795
ID_P7gflZt3,0.8930505514144897
ID_PAPeRxIL,0.39589983224868774
ID_PEoobJCT,0.9975220561027527
ID_PFxMZxLP,0.7924345135688782
ID_PIyp8zvp,0.9921837449073792
ID_PJftmZgZ,0.9999334812164307
ID_PKXFDTox,0.9999978542327881
ID_PNsTqCcz,0.002285776659846306
ID_PP1G7uCS,0.1396273523569107
ID_PRTfbgDl,0.9703239798545837
ID_PS7fo49y,0.00022291952336672693
ID_PSEnOdGI,0.06926217675209045
ID_PT3dNTnu,0.9999908208847046
ID_PTnhZjwk,0.0009790185140445828
ID_PU0t4TYE,0.005836681462824345
ID_PW7iBtEh,0.9834890365600586
ID_PYbiSqOV,0.09197507053613663
ID_PYv7l4Uf,0.012516199611127377
ID_PZ8ezuGh,0.4111024737358093
ID_PZdGRLrA,0.6641024947166443
ID_PcePla01,0.6936948895454407
ID_Pd3VzJNE,0.000528055417817086
ID_PdjkW1QM,0.12457919865846634
ID_PefIY7Qc,0.1252625435590744
ID_PiEYUxak,0.28866297006607056
ID_PjjIOqGT,0.3940691649913788
ID_PkebRTI0,0.9999974966049194
ID_PlWQLPZG,0.09782783687114716
ID_Pq3YvHmn,0.00018049053323920816
ID_PqWooJWu,0.001440057996660471
ID_PrmGc1n7,0.9999371767044067
ID_PrrBBWhh,0.8346596360206604
ID_PruzsFnW,0.8733296990394592
ID_Ps2h5jI2,0.1143750250339508
ID_Psar4aGA,0.9999879598617554
ID_PvLzjEQa,0.9919203519821167
ID_Px7FIagc,0.9725745320320129
ID_PyKW2enw,0.9258022308349609
ID_Pz7d884Q,0.9999896287918091
ID_Q02ajeoj,0.9939541220664978
ID_Q1jfJOlp,0.9994351267814636
ID_Q2jNRqhE,0.9998239874839783
ID_Q3X3288s,0.1903342306613922
ID_Q6A69NFv,0.9895854592323303
ID_Q7mQffAf,0.9999959468841553
ID_Q7znLZE9,0.07376469671726227
ID_Q93GxPlm,0.10029594600200653
ID_QAB9SQAb,0.9653493762016296
ID_QDX5IuLq,0.9960749745368958
ID_QF6RLRFE,0.9938235282897949
ID_QHWtT0S0,0.9940159320831299
ID_QHtSuPLz,2.850549662980484e-06
ID_QIPHQRAF,0.6480327844619751
ID_QJfzxEf6,0.0013299835845828056
ID_QKNxd8IE,0.9939014911651611
ID_QQ56KKR8,0.92792809009552
ID_QQ65B5nu,0.9998862743377686
ID_QROaG6ot,0.8077461123466492
ID_QRnaT7IN,0.9894767999649048
ID_QThcRDFr,0.7994167804718018
ID_QUeD4ova,0.9889329671859741
ID_QWIH1GpP,0.04687684029340744
ID_QXGska5W,0.6524375081062317
ID_QXvlkhkH,0.059335749596357346
ID_QYCD6A88,0.21790315210819244
ID_Qcftc5N1,3.867567102133762e-06
ID_QfHhJVY9,0.9969441294670105
ID_QgUWywYd,0.04409785568714142
ID_QiPuRE2S,0.045351121574640274
ID_QjqmVhpC,1.050638184096897e-05
ID_QkyGP5Hj,0.34213870763778687
ID_QmS4qZLw,0.9996781349182129
ID_QnZjEJmp,0.6962990164756775
ID_Qq6YcK7s,0.0001533645554445684
ID_Qq7UW8Nt,0.010754590854048729
ID_QrdTM1il,0.9995669722557068
ID_QsciRVrM,0.9594225287437439
ID_QtoQh3eU,0.04671056196093559
ID_Qv9ceu0C,0.9999947547912598
ID_Qynm8MtC,0.9873080849647522
ID_QzeCSeUd,0.9774854183197021
ID_R076EM7z,1.1214042388019152e-05
ID_R0urwRdN,0.568908154964447
ID_R1E5hVkc,0.999943733215332
ID_R1jFhntF,0.007488646544516087
ID_R2OUsJdy,0.9998030066490173
ID_R2RA0UJh,0.019912175834178925
ID_R58WP0yJ,0.997931957244873
ID_R6EYVFTk,0.00012666743714362383
ID_RBacJSPD,0.10907275229692459
ID_RBmOPHjY,0.12536083161830902
ID_RDluRdhz,0.9999773502349854
ID_REmIBJrE,0.00426858477294445
ID_REwfDprI,6.619395571760833e-05
ID_RGjXOnDy,0.0010857540182769299
ID_RJiCVS5t,6.790053157601506e-05
ID_RKO9bBt1,0.007574606686830521
ID_RNQQ2aIW,0.9999942779541016
ID_ROhvYJ9n,0.04812241718173027
ID_ROs0cpNQ,0.0015040425350889564
ID_ROuj2BEg,0.18487082421779633
ID_RPBGEv4O,0.06373732537031174
ID_RPY5SJCC,0.9999992847442627
ID_RVEmVVrD,0.05638803541660309
ID_RYnCMLA2,0.9801467061042786
ID_Rawi4Mxe,0.00010789048974402249
ID_RcdFwS2H,0.9505209922790527
ID_RcvHsNri,0.9998713731765747
ID_RdPcM2Wi,0.9993830919265747
ID_RdWLTDir,0.0009469877695664763
ID_RfO8nLgD,0.0012340201064944267
ID_RfpwY7I0,0.0328756719827652
ID_RidaUdN5,0.9966545104980469
ID_RkEy1q5T,0.004801946226507425
ID_Rkz7dENO,0.09121429175138474
ID_RmO0O9bc,0.01720343716442585
ID_Rmc4j5MQ,0.9992231130599976
ID_RqeFHCFh,0.947626531124115
ID_RsAqtqzT,0.9955654740333557
ID_RsrLmOkw,0.9892570376396179
ID_Ru4Gzm4V,0.9999464750289917
ID_RuVfgN6M,0.9991586208343506
ID_RwXOSnIB,0.9998620748519897
ID_RwvCU8F2,0.9962272644042969
ID_RxYBGg1T,0.38448789715766907
ID_RykA2p1L,0.9866742491722107
ID_RzCHErWX,0.7496064901351929
ID_RzS6oqMx,0.7004290819168091
ID_Rziw1Z1u,0.9986529350280762
ID_RzjuMTqt,0.02268270216882229
ID_S2Nz584h,0.9997773766517639
ID_S4FuwCuM,0.2802214026451111
ID_S4PDxf92,0.008421613834798336
ID_S4bDPEfd,0.9889175891876221
ID_S5Ol2iHS,3.5245426261099055e-05
ID_S6HrvDKL,0.9737869501113892
ID_S8EkCPnO,0.9995014667510986
ID_S8aCRnCx,0.9911688566207886
ID_S9tJwmXd,0.30115681886672974
ID_SArSwafL,0.9890937805175781
ID_SB76vt34,0.8065382242202759
ID_SB9IsEMF,0.9999884366989136
ID_SCcfq1T9,0.9999991655349731
ID_SDy7y0VB,0.12163715064525604
ID_SFWFoMGL,0.9931344985961914
ID_SH7biG4U,0.00010985151311615482
ID_SIpoTPDn,0.6741612553596497
ID_SJ2tOTZZ,0.0002825551200658083
ID_SJWI5PUl,0.9988818764686584
ID_SLYZNMuv,0.0003529022797010839
ID_SMEdq49Y,0.00045939855044707656
ID_SMF0Fst8,0.36011946201324463
ID_SNjhOLdU,0.999977707862854
ID_SPpFnPwx,0.46755078434944153
ID_SPs8524m,0.017967134714126587
ID_SRyE0OHe,0.9982336759567261
ID_SSHFFO4B,0.9999980926513672
ID_SYe7V7gg,0.00015224759408738464
ID_SZWgVlkB,0.9998849630355835
ID_SaKJlwz1,0.9996578693389893
ID_SaqJZWuc,0.10512344539165497
ID_SbPo1a1D,0.46663418412208557
ID_SchxjapT,0.9997087121009827
ID_ScsCOeQm,0.9885297417640686
ID_Sd0vYHxL,0.9990403056144714
ID_Sd1il2h5,0.002009568503126502
ID_Sf1qtvAV,0.9999966621398926
ID_SgSbJcMa,0.9999994039535522
ID_SkN2euv0,0.9999998807907104
ID_Skm0GbBh,0.9866199493408203
ID_Sl5fcBrN,0.2106236070394516
ID_SlZLXVg5,0.9995341300964355
ID_SmJ023y9,0.006508905440568924
ID_SoulmUhu,0.7965788841247559
ID_SqbhA90y,0.9999843835830688
ID_StrEzMsq,0.00012303188850637525
ID_SuN2isWl,0.9956265687942505
ID_SulCTA7b,0.10095278173685074
ID_SvnyFEz2,2.7406640583649278e-05
ID_SwUtihGR,0.045496921986341476
ID_SweXB3mS,0.999984622001648
ID_T2q1Sjd0,0.9990875720977783
ID_T2xLcH9U,0.9945195317268372
ID_T3DemaES,0.9414036870002747
ID_T5jW1OH4,0.33692440390586853
ID_T7jCUWVs,0.07241388410329819
ID_T87QIIIp,0.0003847150946967304
ID_TAdh6rzI,6.136109004728496e-05
ID_TDF67Qwo,0.9999803304672241
ID_TE13uP1h,0.03872857615351677
ID_TE43EbxL,2.936339456027781e-07
ID_TEt6BHgZ,4.7518381052213954e-07
ID_TGNk6Y8Y,0.008061415515840054
ID_TIAwZCd5,0.21642599999904633
ID_TJ9Q570B,0.9974160194396973
ID_TLnvv2K6,0.16380363702774048
ID_TNM0kSn5,6.742808182025328e-05
ID_TO1baCEW,0.2591216266155243
ID_TRBeJ6ys,0.9999998807907104
ID_TS3iVYMN,0.9944103360176086
ID_TTQHKwFe,0.9219841361045837
ID_TU1Tir1g,0.8401959538459778
ID_TUbnJzm1,0.004219372756779194
ID_TUxsUK4L,0.009595897980034351
ID_TWCtqQJF,0.9761654138565063
ID_TWpSmRZ9,0.6540306806564331
ID_TXGv9Uhj,0.9428406357765198
ID_TZwSQxPf,0.9975780844688416
ID_TcB45OnX,0.9997511506080627
ID_TdQRTMbj,0.9758499264717102
ID_TegwGM6x,0.0037622349336743355
ID_TerT2AmF,1.597570530975645e-06
ID_TfGvavPp,0.9999618530273438
ID_TgPiO46O,0.0007197980885393918
ID_TiO4C9tq,0.9070377349853516
ID_Tii5yQAd,0.9976546168327332
ID_Tj0kqLCU,0.0002482488052919507
ID_Tk3q2o7M,2.8510826268757228e-06
ID_TkPAuRYh,0.08385298401117325
ID_Tkp3Fs8W,0.022481320425868034
ID_TlNXvMaU,0.9961793422698975
ID_Tmti5rCX,0.9892442226409912
ID_Tq67VwNh,0.014388197101652622
ID_TqndvzUx,0.48940202593803406
ID_TrCuihzi,0.9999994039535522
ID_TsDSFf0P,0.9999371767044067
ID_TsnX1Dts,0.3494991660118103
ID_TwHptkwb,0.5061478018760681
ID_U183YkHA,0.8131181597709656
ID_U1Vo7F4R,0.09679526090621948
ID_U1XWyBw2,0.0360877700150013
ID_U1Xo5wTr,0.00013313826639205217
ID_U1kzuxfU,0.9999862909317017
ID_U1oQRxHO,0.9606888294219971
ID_U2a7r32A,0.9999985694885254
ID_U3s3kVpp,0.998441755771637
ID_U4Ub1qLL,0.0018531176028773189
ID_U4w9YWP3,0.0003854589886032045
ID_U6NvDP5P,0.9999549388885498
ID_U7mn09Fa,0.9999885559082031
ID_U7stUgi1,0.9999990463256836
ID_U9Jlm7OE,0.9046339392662048
ID_UET5Mxc0,0.8319103717803955
ID_UEaQLGxJ,0.0121467811986804
ID_UF6dp9ip,0.9985337257385254
ID_UGytH6gm,0.16492348909378052
ID_UHCzLHCj,0.0018059940775856376
ID_UILsY9kk,0.9843722581863403
ID_UINDiVhV,0.004827528726309538
ID_UKnS4fqy,0.9949919581413269
ID_UNIf5wMr,6.94198242854327e-05
ID_UOjM834E,0.05873619392514229
ID_UPPGGAFi,0.0006282305694185197
ID_UPzeoSCr,0.042025916278362274
ID_UQjY4At7,0.5246789455413818
ID_USyGH9AV,0.9999992847442627
ID_UTzEKcuP,0.984057605266571
ID_UWgN5pEe,0.3995150029659271
ID_UXCa1e7C,1.3079908967483789e-05
ID_UXO93G1o,0.009430581703782082
ID_UYrdd0EL,0.9791156053543091
ID_UaR1UZqo,0.9974861145019531
ID_UbFfSQGf,0.41643640398979187
ID_UedwGkVD,0.4346400797367096
ID_UfcMIu9V,0.024212973192334175
ID_Ufto5gMX,0.7626316547393799
ID_Ug2qCh0m,0.028569508343935013
ID_Uhivoeke,0.08004233241081238
ID_Uj6GF7Bj,0.9904050827026367
ID_UkQ3VUKH,9.27048095036298e-05
ID_UkiGPil0,0.9999549388885498
ID_UkrCEOby,0.3918575048446655
ID_UlTuHjZ1,0.013031401671469212
ID_UoD4TJ1M,0.5367593169212341
ID_UpxlPOTQ,0.003682758193463087
ID_Ur5s9VM8,0.026676634326577187
ID_UtBvNxbz,0.9997187256813049
ID_UttTllWP,0.9893810749053955
ID_UwbM61S6,0.08769852668046951
ID_UxzP1v0E,0.08244456350803375
ID_Uyc3G0Aq,0.9999274015426636
ID_UyhzecS2,0.9901447296142578
ID_UzIuwSj1,0.9752907156944275
ID_UzR4xXHa,0.9378055930137634
ID_V0PCmfNI,0.9910848736763
ID_V0VkRxXy,0.9995408058166504
ID_V4Hkt9pk,0.7839265465736389
ID_V4vw5TPs,0.9999675750732422
ID_V7g4aI36,0.9968787431716919
ID_V8wRuEKs,0.23998309671878815
ID_VA2NIICG,0.13225241005420685
ID_VBE4Owa9,0.9999741315841675
ID_VDPLOqDU,0.770513117313385
ID_VEj3MLGb,2.324459819647018e-05
ID_VEztGqfz,0.13920071721076965
ID_VGAQ9CCX,3.571171691874042e-05
ID_VGgfooSO,0.011623217724263668
ID_VI17I9u5,0.8411234021186829
ID_VI75JIYR,0.9999306201934814
ID_VJY6CxPr,0.16794681549072266
ID_VLm0rQi3,1.0
ID_VM3saXKB,0.028978116810321808
ID_VNF29MdT,0.9999955892562866
ID_VNjmSD9i,0.1207900270819664
ID_VOBI9qw5,0.9976441264152527
ID_VOS1crvd,0.4049646556377411
ID_VRjBKdYQ,0.00017249192751478404
ID_VS6sITNx,0.4976818263530731
ID_VSYiNEFf,0.9930175542831421
ID_VUngxZor,0.8299629092216492
ID_VUsuiYXY,0.9325723052024841
ID_VX7IoKir,0.4112798571586609
ID_VZygkD0q,1.0
ID_Vb52X6sc,0.6713362336158752
ID_VcLqg2Ap,0.00042123402818106115
ID_VeHS6zab,0.9928210377693176
ID_VewsbY3i,0.9444021582603455
ID_Vf9dUxn0,0.9995348453521729
ID_VfYI3RtQ,0.5071737170219421
ID_VglwGGjC,0.09707582741975784
ID_VgxPUieF,0.00044749409426003695
ID_Vhuwzoib,0.02160724624991417
ID_VimdCwav,0.3724806308746338
ID_Vj0yl5QK,0.9959108829498291
ID_Vj66IDYd,0.999998927116394
ID_VjZhd1DX,0.00023605296155437827
ID_VlgJp6zE,0.00011024461855413392
ID_VmGzXcQv,0.4113849103450775
ID_VnATqLsG,0.9970792531967163
ID_VopgRs91,0.9996447563171387
ID_VpCZyGHy,0.03966686129570007
ID_Vq6zRBuY,0.9198368191719055
ID_VqQ9KQLY,0.979962944984436
ID_VqvubsFx,0.9240869283676147
ID_VqxG8LrH,0.9999948740005493
ID_VrGyFfA0,0.42132923007011414
ID_VrWjTp0v,0.9989907145500183
ID_Vrb7FylG,0.9040660262107849
ID_VsdAZCe6,8.259846799774095e-05
ID_Vszh6RGQ,0.9923503994941711
ID_VyEec8aW,0.0005652519757859409
ID_VztO4Pr1,0.7404378652572632
ID_W1zVyU7L,0.024380333721637726
ID_W2XIVIUN,0.954505443572998
ID_W3Sr7vpz,0.5496359467506409
ID_W3W0Eu9d,0.9999407529830933
ID_W5KCPegM,0.2940390706062317
ID_W6vCthwp,0.9999970197677612
ID_W7Uutyyh,0.9983141422271729
ID_W8Vyal1T,0.8633535504341125
ID_WAEFn6pU,0.9996840953826904
ID_WAef9L8m,0.8440760374069214
ID_WD3GTq2W,0.9721556901931763
ID_WEhizAKI,0.6561660766601562
ID_WKPQtNi4,0.9995366334915161
ID_WMKlK92f,0.9999350309371948
ID_WPKjKOU1,0.002763454569503665
ID_WRVKqdui,0.9310933351516724
ID_WUuyPfrc,0.895637571811676
ID_WVNxUt3y,0.9807425737380981
ID_WVd2N7SM,0.798090934753418
ID_WYd6JOZL,0.009553072042763233
ID_WZJ1xjRC,0.013362213037908077
ID_WbaTqyUl,0.49092933535575867
ID_WeJkHBYK,0.9852972626686096
ID_Webnms69,0.999972939491272
ID_Wf1Zhaa2,0.00039320788346230984
ID_WfMXu1GD,0.43763861060142517
ID_WgD1H2Uu,0.9988372921943665
ID_WhAJw1NN,0.9999947547912598
ID_Wk9bNw50,1.728593633743003e-05
ID_WlbvW4NO,0.7375807166099548
ID_WmyX9yKa,0.14765729010105133
ID_WntVaa1m,0.0005246828659437597
ID_WoVEPRNL,0.0060171103104949
ID_WpPiiuXd,0.9922161102294922
ID_WqS2LO6X,0.99456387758255
ID_WshjlAV8,0.999097466468811
ID_WuXhiOhW,0.0003455179394222796
ID_WvIgAgQ2,0.20609059929847717
ID_WxSfWbtk,0.9999483823776245
ID_WzhE02zr,6.004794613545528e-06
ID_X1PUjkeJ,0.9730979204177856
ID_X1fw178B,0.016322771087288857
ID_X8Y5LRba,0.5913126468658447
ID_X8aJKwVf,0.0015550324460491538
ID_X9DDxifb,0.9999915361404419
ID_XAJEeDIj,0.007433380465954542
ID_XCZ1lLJi,0.9977904558181763
ID_XCzHZarL,0.007213973440229893
ID_XDN74jwZ,0.0018380949040874839
ID_XEtxedo0,0.002559164771810174
ID_XHVcipnx,0.9998403787612915
ID_XL2F60LW,0.5991076231002808
ID_XNDRSN9e,0.9973021745681763
ID_XNTXqJYj,0.9982085227966309
ID_XNlN7AEF,0.8882407546043396
ID_XNuISvV6,0.9862923622131348
ID_XOUVWTu0,0.10259256511926651
ID_XPfyjQ5u,0.0003880564763676375
ID_XQ6WF9ej,1.5616169548593462e-06
ID_XQGW0fcW,0.022952303290367126
ID_XSMpXXnw,0.9998157620429993
ID_XTqUbW7P,2.1183310309424996e-05
ID_XUSsX57n,0.9999969005584717
ID_XUiocwXh,0.9999579191207886
ID_XaH2y4Mt,0.7185798287391663
ID_XccTovDK,0.8321074843406677
ID_XcfA8WOB,0.6314355134963989
ID_XciUEMyo,0.1458701491355896
ID_Xdi4EuLN,0.9959326386451721
ID_XeuYs4iS,0.0005414492916315794
ID_XgQYFzMU,0.4561048150062561
ID_XhmmFteX,0.9998563528060913
ID_XinVVHfz,0.7680948376655579
ID_Xj9oeajD,0.4061093032360077
ID_XkbSfdPE,2.7951598895015195e-05
ID_XlMuR2BG,0.9979150891304016
ID_XlQRH4vV,0.9966369867324829
ID_XmNIhF52,0.9999905824661255
ID_XnevrTxR,0.00037412054371088743
ID_Xo1zdFRd,0.004356609657406807
ID_XoKd1Qj2,0.812534749507904
ID_XpT5Nnre,0.005652172025293112
ID_XqDbGaYW,0.915298581123352
ID_XqVUiOYz,0.9999785423278809
ID_XrhejXpR,0.4597686529159546
ID_XsuZF3u4,0.00028618701617233455
ID_XtaguO7f,0.004445550497621298
ID_Xw60YYF2,1.3723367374041118e-05
ID_XwOEfM51,0.0014944246504455805
ID_XxgsbMH2,0.9893654584884644
ID_XxvuMlK5,0.9897406101226807
ID_Y1OHQ7cm,7.543944320786977e-06
ID_Y1cbDnJf,0.9900089502334595
ID_Y5Ngeweu,0.9673402309417725
ID_Y5UlUUAx,0.9993873834609985
ID_Y6FjVr7S,0.002281518653035164
ID_Y6j0SnO0,0.017681924626231194
ID_Y734OP3D,0.9999431371688843
ID_Y76wrhps,0.9669018983840942
ID_YAjkEfIO,0.008505679666996002
ID_YAvhxXvI,0.9988051652908325
ID_YAyIbuRx,0.9989053010940552
ID_YCUI3spl,0.9426892399787903
ID_YFXcJ4gY,0.00033344500116072595
ID_YGSBWKeY,0.03259073570370674
ID_YGYfcj1f,0.09476954489946365
ID_YGuFBLch,0.9999836683273315
ID_YHNdV4Uz,0.007914084009826183
ID_YJ2oBnBc,0.9934132695198059
ID_YKfOEWvW,0.9999860525131226
ID_YL7VIEdO,0.08206930011510849
ID_YLFp2tho,0.9943580031394958
ID_YM6QMaNq,0.0001843264908529818
ID_YMegqIbr,0.7535710334777832
ID_YNIGPomE,0.06256813555955887
ID_YObyVdAX,0.004025409929454327
ID_YPbPsg0H,0.13667802512645721
ID_YR2cCkGu,0.9975817203521729
ID_YRijwoSb,0.9681844115257263
ID_YTe7OmNz,0.0036073648370802402
ID_YVF7HlvO,0.0008471603505313396
ID_YVzzeq4K,0.9999872446060181
ID_Yamx56cd,0.9998001456260681
ID_Ydm8FRzi,0.05782146751880646
ID_Ydr8PbBS,1.0
ID_YeYSyccV,0.9997028708457947
ID_Yf5JPn8P,0.16131678223609924
ID_YhFunz8a,0.7212193608283997
ID_Yi1GcQro,0.0018939846195280552
ID_Yi4rQ6wS,0.9993428587913513
ID_YiZ3dvoA,0.005993233062326908
ID_YjuW87Aa,0.0003366745659150183
ID_YkBVYCOe,0.10596609115600586
ID_Ykqe3GLa,0.8702990412712097
ID_YlmR8vKl,0.9999934434890747
ID_Yncz5tye,0.12564639747142792
ID_YnxUgdgP,2.0611703803297132e-05
ID_YtlBmn7Z,0.002178364200517535
ID_YuldMqwD,0.9997724890708923
ID_Yzoj2OTx,0.6294669508934021
ID_Z0AbmpKT,0.9961228966712952
ID_Z1GGl3JY,0.9909145832061768
ID_Z5qnTQxs,0.9999997615814209
ID_Z7JEUBCj,0.9995964169502258
ID_Z9EYQvd7,0.6631249785423279
ID_Z9RB5Bjq,0.9999978542327881
ID_Z9dOEqyW,0.9628587961196899
ID_ZAp6Jj9J,0.0953143909573555
ID_ZCxlAlCg,0.9994995594024658
ID_ZHJ34cRI,1.1345719940436538e-05
ID_ZHkaq69P,0.9759693741798401
ID_ZKhqiPk7,0.17452280223369598
ID_ZKj3Jo8j,0.9736279249191284
ID_ZKs0CCDE,0.8007426261901855
ID_ZLDPlcCY,0.9890055060386658
ID_ZNfZact5,3.815934178419411e-06
ID_ZNjG3dLO,0.999198853969574
ID_ZOX29Kww,0.9998288154602051
ID_ZOj11K4d,0.9912967681884766
ID_ZQASPrSc,0.00045287303510122
ID_ZSLUIE8t,0.6917147040367126
ID_ZUJZAxIL,2.059651342278812e-05
ID_ZUtnSreM,0.9997246861457825
ID_ZW3OfLLY,0.00013348006177693605
ID_ZaUGA6dg,0.05942106619477272
ID_Zc5HCQ8w,0.3609529435634613
ID_ZcwzhTay,6.005010800436139e-05
ID_ZdEDdg6B,0.9916001558303833
ID_ZeI72pam,0.9997468590736389
ID_Zf1YMs25,0.9999649524688721
ID_ZfEHhXMn,0.5312743782997131
ID_ZfbO0VOK,3.4776199754560366e-05
ID_ZgPmPztU,0.999077558517456
ID_Zh371SFO,0.010783235542476177
ID_ZhtNl8ff,0.8593007922172546
ID_ZhxI3ccp,0.9555330872535706
ID_ZijY9LpU,0.9999963045120239
ID_Zk2WLVCG,0.00055220618378371
ID_ZlVgyVma,0.04282885044813156
ID_ZlX2Q1Hp,0.9999620914459229
ID_ZlqJPOS3,0.09770478308200836
ID_ZmfRqBE3,0.6180490255355835
ID_ZpI7UYpd,0.9999551773071289
ID_ZpIzweBx,0.02787785977125168
ID_ZpaNw5cr,0.004769297782331705
ID_ZqoEltBF,0.004052362870424986
ID_ZsQXcMCk,0.9997562766075134
ID_Zt1BiGau,0.00016373113612644374
ID_Zu9S8UEr,0.9578097462654114
ID_ZvtXsGLd,0.9935790300369263
ID_ZwFi5bvA,0.2382347583770752
ID_ZyJlmvaZ,0.957790732383728
ID_ZzaIZ0UV,0.9871839880943298
ID_a1421x7x,0.9560219645500183
ID_a1Mkdi95,0.9998520612716675
ID_a1oKRdhQ,0.9997324347496033
ID_a398T1vX,0.00039060780545696616
ID_a4iDXNHQ,0.8800545930862427
ID_a8sL1VFj,0.9989848732948303
ID_a9y36TTS,0.9999549388885498
ID_aBFys0dw,0.20523494482040405
ID_aBK3Ua2y,0.00429061334580183
ID_aCcZRWO1,0.08767104148864746
ID_aCyQmwww,0.0007423458155244589
ID_aDMHLEvA,2.009204399655573e-05
ID_aEN7eKR9,0.662136435508728
ID_aFh9LbJh,0.9995670914649963
ID_aGeD6i3W,0.9992992877960205
ID_aGk5Mrxy,0.002617200603708625
ID_aGvoTT6N,0.9795868992805481
ID_aHFVClKq,0.9960220456123352
ID_aHdmHNBY,0.980168342590332
ID_aIWYDCzu,0.6575788259506226
ID_aIXsviO3,0.9560937881469727
ID_aIumCwVa,0.9372938871383667
ID_aMTXrP1g,0.006616050843149424
ID_aMZYAo0f,0.9995946288108826
ID_aMygwiIx,0.8151663541793823
ID_aPQZKRXP,0.8803855776786804
ID_aPgUPDtU,0.9766508936882019
ID_aQZiBIfI,0.024650737643241882
ID_aQeYK17g,0.07159344851970673
ID_aR84Fz2a,0.9612346291542053
ID_aRF3HECw,0.9914138317108154
ID_aRQEqmn0,0.9999929666519165
ID_aUlnf6gQ,0.539626955986023
ID_aW1tOiyg,0.5692120790481567
ID_aWO9Sn2h,0.0007098739733919501
ID_aXfPD4IA,0.0024577032309025526
ID_aZ08I9NQ,0.6272850632667542
ID_aaChR6HZ,0.966079592704773
ID_aaY1aKCi,0.9976577758789062
ID_ad3nJnax,0.9409095048904419
ID_adkRqYcK,0.020622853189706802
ID_adpMXtN1,0.9972894191741943
ID_ago8QOaf,0.4911273121833801
ID_aivXt3KY,0.004377745091915131
ID_amg4P89J,0.48168912529945374
ID_aqkQKLnH,0.05315405875444412
ID_asMhx0bi,0.9999778270721436
ID_askvy9CH,0.4704650342464447
ID_au8hjLAx,8.86367415660061e-05
ID_auHuebXM,0.0034791813232004642
ID_auMqeeU6,0.17314501106739044
ID_auSaAiWf,6.205708587003755e-07
ID_awtNzwya,0.14568255841732025
ID_axIXmpm9,0.003368095960468054
ID_ay2AxMi7,0.9995662569999695
ID_ayLxfiWr,0.9991868138313293
ID_azWN6Ywe,0.022680701687932014
ID_b0UnQaNQ,0.4241306483745575
ID_b1EH04BS,0.014627652242779732
ID_b2NeIgV4,0.12286300212144852
ID_b410QKbC,0.00030706694815307856
ID_b4F2EGK2,0.0007216462981887162
ID_b4g1FacN,0.06548693776130676
ID_b6yPFadd,0.009070059284567833
ID_b7wpw72q,0.9983891248703003
ID_bArjr4cP,0.02449539676308632
ID_bDCCZZuS,0.0045709689147770405
ID_bIIEsKLO,0.9949766993522644
ID_bIxXbPSU,0.9999998807907104
ID_bKVXou0k,0.00021598998864647
ID_bL24Qq6T,0.9998328685760498
ID_bLTnxXGB,0.9312478303909302
ID_bNvT2J1T,0.9999997615814209
ID_bNx2XgC4,0.9064161777496338
ID_bOFgwUuK,0.006590695586055517
ID_bOHQuqtU,0.0964418277144432
ID_bONgbgbW,0.9975409507751465
ID_bTKcksXU,0.15443503856658936
ID_bUEBgnbU,0.13137097656726837
ID_bVftZbd8,0.9999998807907104
ID_bXBI9lH6,0.20931299030780792
ID_bXnmNw51,0.9882248640060425
ID_bXr0VZ46,0.003341229632496834
ID_bY6sA1o5,0.9999955892562866
ID_bZBZ4Pn5,0.25659430027008057
ID_bc4KDZtO,0.3145257830619812
ID_bdsVmoPn,0.9924231171607971
ID_bdxn13Lj,0.9999973773956299
ID_be8d9yoE,0.9999083280563354
ID_behC5gEa,0.6412063241004944
ID_biRWQ8Vl,0.8345310091972351
ID_bjbCcCXv,0.0003257475036662072
ID_bk3oy72e,0.714485764503479
ID_blWdxkTD,0.0024046290200203657
ID_bp9UxTPS,0.9996331930160522
ID_bpEd6Spp,0.9999918937683105
ID_bqLtRyno,0.6167268753051758
ID_bqcuXWLN,0.9831870794296265
ID_bqqac9qc,0.00044140437967143953
ID_br5K4EQ7,0.9998561143875122
ID_btSm71b3,0.9998643398284912
ID_btVT00vE,3.776515950448811e-05
ID_bvTM1Ab2,0.9999796152114868
ID_bw6kcdCa,0.1984642595052719
ID_bzEsb6xw,0.0016451964620500803
ID_bzpAqxqz,0.5292255282402039
ID_bzrZ4Y5k,0.4043690860271454
ID_c1ZGMCC3,0.00026027130661532283
ID_c2CnH88y,0.9967288970947266
ID_c2pvSV4N,0.007091665640473366
ID_c31DaiKz,0.13139493763446808
ID_c3p8JcPo,0.6592413783073425
ID_c6Wharyw,0.9986577033996582
ID_c7BOu8BV,0.9983491897583008
ID_c90r6KPO,0.9760020971298218
ID_cBGchi4k,0.9999949932098389
ID_cBP4h9s1,0.06208568066358566
ID_cBeBxTNK,0.0751531720161438
ID_cExQyKYj,0.003308671759441495
ID_cFNorp1m,0.002445319201797247
ID_cG7iDB78,0.0015566798392683268
ID_cHHp6PcV,0.0001512826420366764
ID_cHcl7zEC,0.03442396968603134
ID_cIaCQsvv,0.9278926849365234
ID_cLCY5FkP,0.30254220962524414
ID_cLPwJaip,0.9609522819519043
ID_cMyzAlMI,0.21553313732147217
ID_cP0wExFa,0.9704574346542358
ID_cQzhvnGZ,0.2022077441215515
ID_cRLh0wJU,0.03970593214035034
ID_cRmDn4rt,1.0
ID_cULlo9GP,0.004134847782552242
ID_cXFuF0Z6,0.9991293549537659
ID_cXKJmq2i,0.9999014139175415
ID_cXy8nm5R,0.9999942779541016
ID_caN1LIyC,0.23645395040512085
ID_caUHk11t,0.10019882768392563
ID_cbMvxp3U,0.020089831203222275
ID_ccwDvizl,0.00027296747430227697
ID_ce36S1Ob,0.9622830152511597
ID_ceu91oKx,0.9996964931488037
ID_ciSJ0rn8,0.038523923605680466
ID_ckKLJy0y,0.3341469466686249
ID_cki0Yuwl,0.00476754130795598
ID_cnWTEqGj,0.999954104423523
ID_cpAgVdWw,0.9999991655349731
ID_creBT5hl,0.4908333420753479
ID_csRHYOc9,0.0005735535523854196
ID_csUIqc6Q,0.8652338981628418
ID_cvc6quDO,0.9398223161697388
ID_cwhZxIpW,0.9999860525131226
ID_cyacCfMg,0.2584685981273651
ID_cyxi2ZZv,0.9986187219619751
ID_czgX9Uwh,0.9967823028564453
ID_d0P7mNzL,0.08303932100534439
ID_d1LaDCRP,0.3072167932987213
ID_d5YH0K1p,0.4883469045162201
ID_d7BpAPMX,0.9628873467445374
ID_dAUq7DD7,1.0
ID_dBcW316R,0.21560031175613403
ID_dBskQLqS,0.8272561430931091
ID_dCZL659P,0.9999011754989624
ID_dCzMWJvM,0.9996070265769958
ID_dDDvlaRe,0.9998816251754761
ID_dDy91bDs,1.1333077964081895e-05
ID_dGbUZBML,0.9999253749847412
ID_dIcowqYA,0.016211645677685738
ID_dJAmpOGP,0.00014699871826451272
ID_dJBhWDK3,0.008704719133675098
ID_dKNM4o7A,0.8803161978721619
ID_dKf1Z8TE,2.1207779354881495e-06
ID_dLHZL4U8,0.998358428478241
ID_dNG5Kz3i,0.05395132303237915
ID_dPqG6sbx,0.08795551210641861
ID_dPs9Yt5A,0.993190348148346
ID_dRmnhM53,0.9998199343681335
ID_dS2IA181,0.0021301351953297853
ID_dT2vGNtF,0.827810525894165
ID_dV8zUebh,0.7567715048789978
ID_dVBgLQfT,0.0002709290129132569
ID_dWCevqId,0.5655969977378845
ID_dXfeb3sX,0.1686955690383911
ID_dagVU9Ts,0.031145822256803513
ID_de4dfI9g,0.9999992847442627
ID_degvkcip,0.24301517009735107
ID_dgpH0OHy,0.9999644756317139
ID_dhrqVGsg,0.9901326894760132
ID_divRNFO8,0.14048877358436584
ID_djQZQ2VS,0.9969141483306885
ID_djeuuRbe,0.21373532712459564
ID_djqP4vgl,0.03410566598176956
ID_dn2ZeFXB,0.993614912033081
ID_dnoI9kZG,0.00023577295360155404
ID_do2ZVpl0,0.9999980926513672
ID_doLc5LCt,0.9999749660491943
ID_dpJQZgMo,0.2878970801830292
ID_dpddQv6S,0.00588947394862771
ID_dqoGtE3t,0.04575585946440697
ID_drIwV6IJ,0.9975723624229431
ID_drLsxWfW,0.999839186668396
ID_ds3PyNia,0.9994082450866699
ID_dsBVqkJp,0.8882232904434204
ID_duhXvURP,0.9647092223167419
ID_dv505bqV,0.7780535817146301
ID_dvr8rMIx,2.572151061031036e-05
ID_dxcychOR,0.8399122953414917
ID_dxyAWOBd,0.9999842643737793
ID_dzAaePLC,0.9269096255302429
ID_e1DAkJUH,0.9999788999557495
ID_e1DxyIDN,0.00033820103271864355
ID_e1z9SE4X,0.7589278221130371
ID_e4dA3My7,1.2378351129882503e-05
ID_e7HLAmaO,0.9999998807907104
ID_e7XrOLmH,0.9994944334030151
ID_e8e7e7uy,0.03382683917880058
ID_e8f2kM7S,5.076390516478568e-05
ID_eCM4B9pm,0.16290941834449768
ID_eD93qBVi,0.9989147186279297
ID_eEDcsyJL,0.9999661445617676
ID_eGNHIWgU,0.04110557585954666
ID_eGZXQ8fw,0.9611580967903137
ID_eH6UWm4E,0.17489489912986755
ID_eJOaIuvr,0.995604395866394
ID_eK6C6tW1,0.9999982118606567
ID_eKVToGtq,0.9925602674484253
ID_eNoZqwDz,0.06598507612943649
ID_eOcHbasS,0.9977632761001587
ID_eSM6uD10,1.1250172065047082e-05
ID_eSMnhvQt,0.9997206330299377
ID_eThGM8Ql,0.9938096404075623
ID_eVctWzX9,0.9994633793830872
ID_eXXcudyN,0.0065557933412492275
ID_eYs82rtg,0.9998373985290527
ID_eYtzUXMN,0.9999994039535522
ID_eYwMMDuM,0.027370864525437355
ID_eeyN2Hm1,0.013083160854876041
ID_effXzryS,0.9999997615814209
ID_efxDkSQe,0.5786187648773193
ID_egNspEIc,0.6107420325279236
ID_ejGgd3vK,0.9409773349761963
ID_ejt2xRIw,0.9726935029029846
ID_enhv6f5e,0.03169580176472664
ID_esX8aRdq,0.9959008097648621
ID_evP2OwL7,0.9817376732826233
ID_evchFk01,0.0053063505329191685
ID_exKIbA9w,0.43069589138031006
ID_eyINHPYK,0.07532628625631332
ID_f0DP9X8E,0.1506456434726715
ID_f13zTIBl,0.0005774201708845794
ID_f1QTmZMi,0.0018792211776599288
ID_f2kGW2L7,0.057462356984615326
ID_f2x03eey,0.07392892241477966
ID_f5ayxOKn,0.0015377429081127048
ID_f5erW9IA,0.09765378385782242
ID_f7NxIZd5,0.20321747660636902
ID_f8ncYnwc,0.20561891794204712
ID_fAfTwfHp,1.9801843791356077e-06
ID_fBwApzlz,0.06528067588806152
ID_fCeD8c1o,0.9940780401229858
ID_fHBV3Mvw,0.978461742401123
ID_fJW2sxX0,0.9997811913490295
ID_fKQwRpCl,0.19683194160461426
ID_fLxKXZln,0.9995480179786682
ID_fNQt8xkt,0.04254993423819542
ID_fNog646o,0.9384334683418274
ID_fOSDeIkG,0.0013845624634996057
ID_fOYIwbup,0.6413893103599548
ID_fOf7Vb8N,0.9989878535270691
ID_fOuqgXCK,0.03497777879238129
ID_fP9yYFa0,0.6897697448730469
ID_fPO6pjON,0.981715202331543
ID_fQT8sjws,0.21120724081993103
ID_fQvGicqh,0.854364812374115
ID_fR95ZuYj,0.9993452429771423
ID_fTiJq0xs,0.005117060616612434
ID_fUniGonC,0.9959404468536377
ID_fVQxIAOx,0.012352279387414455
ID_fWlTAibR,0.00012819605763070285
ID_fZ21QODL,0.0032031366135925055
ID_farwDG0p,0.7032830715179443
ID_fbdaRt4a,0.9993252754211426
ID_fc0ZMW7X,0.9956639409065247
ID_fcSGlF9g,0.004330066964030266
ID_fd7Pqzuw,0.7279965281486511
ID_fdcO7NG0,0.9999951124191284
ID_fdtIMZ3d,0.39999568462371826
ID_fe1JBETP,0.9897803068161011
ID_fe9jEO2Z,8.743451326154172e-05
ID_fgUhQ5l4,0.00030033590155653656
ID_fhZqAFBz,0.07144539058208466
ID_fhycTlrE,0.9785541892051697
ID_fjcE7Ggp,0.0002346672845305875
ID_fk1u3lrR,0.9999997615814209
ID_foPjWtR2,0.37171700596809387
ID_fpPSAdWr,1.754122604324948e-05
ID_fq7B0Hio,0.06690174341201782
ID_fvQDkiZF,0.9998970031738281
ID_fwBNyvwg,0.9995438456535339
ID_fwr2tS3q,0.9941619038581848
ID_fx3bde0Z,0.0036726503167301416
ID_fxuWqRX8,0.0590125173330307
ID_fyw12K6h,1.1307580507491366e-06
ID_fzEOoPTu,0.9894939064979553
ID_fzeOvzKw,0.8194130063056946
ID_g0TFdgFP,0.0009265626431442797
ID_g10Qn40X,5.4938758694333956e-05
ID_g1TbdLnz,0.9836595058441162
ID_g1cKdVIR,0.9999668598175049
ID_g1hzqc3r,0.4154379963874817
ID_g2QMH4aw,0.010835950262844563
ID_g4NTtpyK,0.9985074400901794
ID_g4yvby0D,0.9997954964637756
ID_g7G2Z3YG,0.006672972347587347
ID_g8eJBNUv,0.9915185570716858
ID_gAW4sdRw,0.9079632759094238
ID_gCUSIzH6,0.9966551065444946
ID_gDnaxFvn,0.043603479862213135
ID_gFm3EkUY,0.9962049126625061
ID_gIdX4EQG,0.01240033470094204
ID_gK18mVFV,0.9991129040718079
ID_gKMPXhsf,0.7423420548439026
ID_gLaNRy0C,0.9846885204315186
ID_gLzJgEcc,0.9999221563339233
ID_gMsnBTs8,0.8865498900413513
ID_gPNGjE34,0.9999747276306152
ID_gPh0kshh,0.0006216596812009811
ID_gPt7uiP6,0.5320279002189636
ID_gSjIkDvy,0.9976490139961243
ID_gVAUp2ek,0.9044222831726074
ID_gX6ZfvRI,0.051774848252534866
ID_gXiJFEWc,0.9990741014480591
ID_gYBEiBqd,6.132900125521701e-06
ID_gcXza3Lt,9.125062933890149e-05
ID_gcbsnMRT,0.9965108036994934
ID_gfPCFSMZ,0.006661073304712772
ID_ghiFJfx2,0.9997373223304749
ID_ghkKocrU,0.0008451319299638271
ID_gkaPzLfY,1.0
ID_glPDfVR3,0.08412086218595505
ID_gmEUREBm,5.997782864142209e-05
ID_gnoNafAh,0.05212895944714546
ID_go0FvZTA,0.9995425939559937
ID_guYZ5DON,0.9104186296463013
ID_gwGDyyXk,0.0024983638431876898
ID_gy2y6YUK,0.9997429251670837
ID_gzJjqzfR,0.12343692779541016
ID_h1YPdtnL,0.6490687727928162
ID_h4IFiyDV,0.12976445257663727
ID_h4Q6U1li,0.9996950626373291
ID_h611TifA,0.9999979734420776
ID_h62gYgvN,1.0
ID_h6PviDOS,0.10857412219047546
ID_h6ydEKyN,1.0
ID_h7J4tg4V,0.9999980926513672
ID_h7y5tpWf,0.31149861216545105
ID_h8sOuOSJ,0.1420094221830368
ID_h9byKhC1,0.9999939203262329
ID_hA2UMQJn,0.9512780904769897
ID_hAr4VisO,0.0018524333136156201
ID_hDio1UtH,0.9990183115005493
ID_hHQNuPgg,0.9476441144943237
ID_hM9AYwig,0.9999954700469971
ID_hNAnAUnD,0.9995829463005066
ID_hNKTj9aM,0.005783367902040482
ID_hNb4JfGY,0.9996542930603027
ID_hNqcwlWH,0.0018515377305448055
ID_hOL49gto,0.30754128098487854
ID_hONzDWUi,0.9999998807907104
ID_hPHWcKsH,0.9999401569366455
ID_hPQAUJ9a,0.34672531485557556
ID_hRtAOHyE,0.9992992877960205
ID_hT4QGVF5,0.49111416935920715
ID_hTOuq2cm,0.10120706260204315
ID_hTUw7uc9,0.9995524287223816
ID_hUBGH5hK,0.00019844969210680574
ID_hUngQPXv,0.5431194305419922
ID_hVQhEzlL,0.11921389400959015
ID_hWHXx9Di,0.9936032891273499
ID_hX0GlNm2,0.00017218560969922692
ID_hYDdrNzF,0.9999961853027344
ID_hZpnzCeN,0.5429635047912598
ID_hcqHYbgN,0.5625622272491455
ID_hf1uG40D,0.22974637150764465
ID_hfpxYPfC,0.999983549118042
ID_hhB1IxEj,0.9418407082557678
ID_hhEk6cpW,0.744428813457489
ID_hiiLPB4t,0.6009892225265503
ID_hjKbYQrk,0.7597902417182922
ID_hjTuFg7V,0.9986885190010071
ID_hkX7bsBW,0.9999141693115234
ID_hmE1T46O,6.8131685111438856e-06
ID_hqqKm5Z0,0.9999986886978149
ID_hsSfWLkT,0.3253163695335388
ID_hsh5wXXx,1.2672471711994149e-05
ID_hsnzoGdS,0.9999725818634033
ID_huVLzLRy,0.2790531814098358
ID_hyndvsZH,0.9999951124191284
ID_i0IXzY99,0.9999954700469971
ID_i0OsqbvS,0.9999488592147827
ID_i0wbRnz7,0.0011306486558169127
ID_i1w4nCBj,0.0012546625221148133
ID_i3w807Ro,0.9672502279281616
ID_i5psd7Si,0.0016954398015514016
ID_i6w1AiqQ,0.9992357492446899
ID_i6w3Wz15,0.0577017143368721
ID_i8gGfAmt,0.054890528321266174
ID_iAEcp9lc,0.9787084460258484
ID_iAdCFjXA,0.8837063312530518
ID_iAso8saM,0.07961969077587128
ID_iCOsyTsN,0.9992733597755432
ID_iDPToizE,0.5738493800163269
ID_iEXBdY2V,0.8824813365936279
ID_iEcFZael,0.004420144949108362
ID_iF7DBPgj,0.6190075278282166
ID_iFgZkZb6,0.0994582548737526
ID_iHsOofj3,0.9999488592147827
ID_iJ5sc2Cw,0.9983322024345398
ID_iKFGqnzu,0.3222507834434509
ID_iNcMGt9E,0.9990315437316895
ID_iOpPugGA,0.0051329368725419044
ID_iPFki0BO,0.06963907927274704
ID_iQjHm9VB,0.9567047357559204
ID_iSBjLbC4,0.40713876485824585
ID_iSO4gNU3,0.9188872575759888
ID_iSeqhvBA,0.020255660638213158
ID_iTY2dWrd,3.967432803619886e-06
ID_iUK2ERr4,0.0031870570965111256
ID_iZPQ234E,0.9996702671051025
ID_iZk3jjwP,0.001478936872445047
ID_iajiNusx,0.006710003595799208
ID_ibXmePzq,0.1954294741153717
ID_idFbvm6x,0.7393490672111511
ID_idT9qqJn,0.03211911395192146
ID_iez0o8tn,0.5652686357498169
ID_ihqgQBZE,0.9619881510734558
ID_ikydSY8G,0.9825361967086792
ID_iltoUnPr,0.8966746926307678
ID_imyU0m21,1.137012350227451e-05
ID_iobXqiMr,0.8271538615226746
ID_ipBzCovN,0.9991368651390076
ID_is7BBmhE,0.9318252801895142
ID_isgxHKUp,0.0012035008985549212
ID_itKZ3dmp,0.918541431427002
ID_itepw8Ef,0.023858049884438515
ID_iu5CpqUj,0.9985143542289734
ID_ivy785Co,0.9876735806465149
ID_ixDU6YpC,0.00098219548817724
ID_ixp6I0gi,0.27504467964172363
ID_iz3yIj15,0.8484980463981628
ID_izX90dHR,0.9863751530647278
ID_j1kf9Wxh,3.252151145716198e-05
ID_j1s9Kt3m,0.00011031728354282677
ID_j2cZDAoc,0.9984411597251892
ID_j3iFqHbp,0.997840404510498
ID_j5EszeOe,0.999847412109375
ID_j67UfJfR,0.8380773067474365
ID_j6Y2bSR7,0.018042871728539467
ID_j97gXC1I,0.9998112320899963
ID_jChHmqqB,0.0026761412154883146
ID_jE2O8v4F,0.00024592457339167595
ID_jEKhZFpI,0.9994581341743469
ID_jEYH6TNp,0.005250252783298492
ID_jEji3MjU,0.00015262172382790595
ID_jFhQXomk,0.005216660443693399
ID_jG7av9kU,0.005228831432759762
ID_jGHMkuXX,2.639517333591357e-05
ID_jJtSABMx,0.9961001873016357
ID_jKARZXoF,0.8182201385498047
ID_jPUVo9ul,0.9994797110557556
ID_jPf9cNLe,0.5410830974578857
ID_jQgdiSBu,0.9992833733558655
ID_jSmor0Go,0.0077225882560014725
ID_jV3WjrAZ,0.9997106194496155
ID_jVR3hISp,0.029463546350598335
ID_jWOev3kZ,0.9033459424972534
ID_jWyHO3Nj,0.01018182747066021
ID_jZORrGIk,0.3886755704879761
ID_jaH5jffF,0.46554258465766907
ID_jcv1YLkr,0.966536819934845
ID_jeqY3I7g,0.9878309369087219
ID_jfE9oX05,0.9713667035102844
ID_jfI65J3S,0.00013985180703457445
ID_jfjJMKVY,0.20915618538856506
ID_jhGBz4i5,0.0006720162346027792
ID_jhUuXOqz,0.9975830316543579
ID_jhkeSmyM,0.9941149950027466
ID_ji44JQbt,0.0006755475769750774
ID_jjw2Duh3,0.9998375177383423
ID_jnBy5FJv,0.9998892545700073
ID_jnRAnv64,0.00013380375457927585
ID_jpK5oy0W,0.9997076392173767
ID_jpLCwwyu,0.9606646299362183
ID_jppAVkAu,0.001006550621241331
ID_jrkSMB5C,7.821195322321728e-05
ID_jsRKVcDW,0.3794061243534088
ID_jtemkvJX,0.0008247150690294802
ID_jtwvK3tX,0.015178459696471691
ID_juavi6PQ,0.05970386788249016
ID_jv3vFGVP,0.7581599950790405
ID_jvLPHusZ,0.004331220407038927
ID_jvWmDwXe,0.8063108921051025
ID_jw9MwZCa,0.9999961853027344
ID_jyB6jubu,0.9985477328300476
ID_jyFohLcf,0.8638538122177124
ID_jz8PW6x2,0.0015216621104627848
ID_jzBV8cpc,0.036617886275053024
ID_jzu9j0D9,0.01714966632425785
ID_k0pzhix6,1.1015198651875835e-05
ID_k1VhzKJO,0.004954359494149685
ID_k1Vyb5gh,0.9949772953987122
ID_k21WPkHj,0.016173355281352997
ID_k3JGb5k8,1.0
ID_k5aoYYRX,0.7860978245735168
ID_k79W48cm,0.7295113801956177
ID_k7iWNqgx,0.2881523370742798
ID_k8oABRbC,0.9992700219154358
ID_k9Gf5JPw,0.9845141768455505
ID_kB4hKLPc,0.9989124536514282
ID_kEqo5dJS,0.8804422616958618
ID_kFh0eeH6,0.009645930491387844
ID_kGmMBEOq,0.3404991030693054
ID_kHD39slt,0.0052380491979420185
ID_kIaObEaA,0.010255941189825535
ID_kLahezjH,4.573262413032353e-05
ID_kS79YAF3,0.00019453656568657607
ID_kScj5A3V,1.2927489478897769e-05
ID_kTa6WTWN,0.41378119587898254
ID_kYM00z5p,0.9991884827613831
ID_kYWHUjNL,0.9999785423278809
ID_kZaLJCF9,0.9998629093170166
ID_kaBP8Mkp,2.42517635342665e-05
ID_kcVS2NBK,0.9999946355819702
ID_keLFMIbC,0.9999656677246094
ID_kfblx8Sb,0.9519910216331482
ID_kgXOS7nB,0.0015404197620227933
ID_kh6In0Y7,0.9968026876449585
ID_khMOmuaz,0.886942982673645
ID_khbHvDSR,0.9790412783622742
ID_kjJr12Yw,0.07328140735626221
ID_kjtg79Hn,0.04271400719881058
ID_kkGFBAEn,0.9982719421386719
ID_kkLoP2Ie,0.09088721871376038
ID_kka87ntW,0.9999923706054688
ID_klCHM1P3,0.7878113389015198
ID_ko77xh9T,0.21964702010154724
ID_krnZEpfV,0.11717762053012848
ID_ksHwpRq8,0.9859640598297119
ID_ksOASB6n,6.7992582444276195e-06
ID_kv5pht8a,0.9999717473983765
ID_kvKjY9Al,0.0002722262288443744
ID_kzNhamBV,0.011375503614544868
ID_l135vgRA,0.9912243485450745
ID_l1LK7cAH,0.5098298788070679
ID_l1SNePuZ,0.9357054829597473
ID_l2rtGoRs,0.9998364448547363
ID_l3OcwXdu,0.7387797832489014
ID_l5AOSvKr,0.33913758397102356
ID_l8PJpoCb,0.9999991655349731
ID_lAtLQpsb,0.9999653100967407
ID_lCyOFpjh,0.0022315799724310637
ID_lDYvgl9B,0.3120420575141907
ID_lDj6muqp,0.03999805450439453
ID_lFUaeYz0,0.007377905771136284
ID_lFdlBPp8,0.9670148491859436
ID_lO51v6TZ,7.660333358217031e-05
ID_lPulSdOD,0.01575891301035881
ID_lR6RQQ3Q,0.9885127544403076
ID_lUcXGO72,0.2660619020462036
ID_lXfE71JD,0.4662429690361023
ID_lY7eLTG4,0.09549488127231598
ID_lYDGlFQN,0.3531368672847748
ID_la0pxQOg,3.347679739817977e-05
ID_lfOPuCSn,0.007515331264585257
ID_licshVgb,0.9925671815872192
ID_llKax20E,0.003332173451781273
ID_llcIRyse,0.16525624692440033
ID_lmEfrSNp,0.9982630610466003
ID_lmfDfPgW,0.001420323271304369
ID_ln4l16ox,0.0011777058243751526
ID_lnvQjgdG,0.21984028816223145
ID_lpjm5hhW,0.155146524310112
ID_lqdqWAku,6.819293048465624e-05
ID_ltGxT1SW,0.000656795222312212
ID_ltpcmouo,0.999994158744812
ID_lu3HqsgC,0.0002494900254532695
ID_lwjsbCFt,2.2886154056322994e-06
ID_m2DQnlbQ,0.017197756096720695
ID_m2Hb9v90,0.9991764426231384
ID_m5Anw5sm,0.7981265187263489
ID_m5HP5uu7,0.041470371186733246
ID_m5LgwzOv,0.9998753070831299
ID_m85chtVg,0.022986287251114845
ID_m8K2o1Ac,0.32800349593162537
ID_m9OU24LP,6.239419235498644e-06
ID_mAgPPyed,0.9979031085968018
ID_mCvPQtVS,0.9968206882476807
ID_mHGthsBm,0.9998865127563477
ID_mHeIs4SB,0.9995498061180115
ID_mIe7jOl3,0.9994950294494629
ID_mJ4JSddm,0.06492235511541367
ID_mJqlRviw,0.9999988079071045
ID_mNp3Fa8A,0.8127853274345398
ID_mOPV2o6x,0.9962272644042969
ID_mQpopFPI,0.9999796152114868
ID_mRKRFj39,0.015949629247188568
ID_mRiUO0mh,2.7047033654525876e-05
ID_mT05rixu,0.9948833584785461
ID_mVQIOrGo,0.09014206379652023
ID_mZmmVFWH,0.8746539354324341
ID_mbbVJyw0,0.7914553284645081
ID_me7rDKkE,0.9481309056282043
ID_meKqOdP4,0.06338869780302048
ID_mgDD2NLZ,0.9957286715507507
ID_mgJ1549d,0.6528427004814148
ID_mjMy6fpI,2.041159496002365e-05
ID_mkf9Lufi,0.8085936903953552
ID_mmLvsWRf,0.045272864401340485
ID_mnDcM4C9,0.9999998807907104
ID_mpGk93mX,0.0006805167649872601
ID_mqqONbor,0.0037830867804586887
ID_ms44usNL,0.9757816195487976
ID_msAls5sN,0.9518104195594788
ID_mtqKuoRw,0.7654278874397278
ID_mu8W0VaC,0.06207617372274399
ID_muHWcIOW,0.6567645072937012
ID_mwZ7ukcn,0.993530809879303
ID_mwzWFiRE,0.9189499616622925
ID_mxiEkGMt,0.013962522149085999
ID_mzCNYICI,0.2878306210041046
ID_mzK0bzNb,0.0025657156948000193
ID_n5U0f73v,0.42326828837394714
ID_n6LFOl7M,0.35549768805503845
ID_n6cchC4A,0.42257463932037354
ID_n6sEp1Ux,0.00014164860476739705
ID_n7ETDG0P,0.0056358338333666325
ID_n7c7AsLb,0.9999793767929077
ID_n8KGi1o2,0.9073663353919983
ID_n8b7QGVn,5.050442268839106e-06
ID_n91swS11,0.6132320165634155
ID_nA089nLZ,0.00997902825474739
ID_nCK8Sav1,0.011477692984044552
ID_nCWQrqJe,0.01755123771727085
ID_nDAllReu,0.7653913497924805
ID_nECBm2xr,0.37829914689064026
ID_nHQVYUnB,0.9080850481987
ID_nHwy0eQz,0.9962518811225891
ID_nHyHBhXK,9.830298222368583e-05
ID_nJzjE7m4,0.3876897990703583
ID_nKBuR2Xf,0.05343851074576378
ID_nKhlwqrd,0.9994163513183594
ID_nKniclLC,0.02247012034058571
ID_nKvQoeKp,0.02023966982960701
ID_nMSuLjrT,0.0019378232536837459
ID_nQ9OWTvv,0.01080724410712719
ID_nQkeqOiK,0.9997684359550476
ID_nRWBr4bd,0.385602742433548
ID_nRX5YpX8,0.5973787903785706
ID_nSvU6qKe,0.048580024391412735
ID_nUHdMWxO,0.9738677144050598
ID_nVWGX0QA,0.992576539516449
ID_nWZqtWVH,0.12678195536136627
ID_nc4th9On,2.1508949430426583e-06
ID_neCLQSOo,0.008535102009773254
ID_nilS9ShJ,0.059239309281110764
ID_njrKWndf,0.9603356719017029
ID_nmVghy8n,0.9920633435249329
ID_nmzWmNNW,0.027228541672229767
ID_nnn9fvz5,0.9997079968452454
ID_nrEogGPj,0.0027765422128140926
ID_ntRYlDHC,0.4341919720172882
ID_ntsKZls4,0.9812067151069641
ID_nuMHhQTP,0.9861035943031311
ID_nudojWLa,0.00016835790302138776
ID_nw9YUrW8,0.9998125433921814
ID_nwklppWG,2.02334604182397e-06
ID_nwrxQZRr,0.9998875856399536
ID_nyFazyeu,0.9205283522605896
ID_o1AZchry,0.9913991689682007
ID_o24xU2YS,0.9992996454238892
ID_o2LtTq7U,0.0014337908942252398
ID_o339V7JT,0.03864659368991852
ID_o43dV4eM,0.00796502735465765
ID_o5S7pCxA,8.476887160213664e-06
ID_o5ucYnml,0.8892516493797302
ID_o6WprzCU,0.9999194145202637
ID_o6xd1Ajo,0.009338737465441227
ID_o7SRJolK,0.5561066269874573
ID_o7jauvaS,0.9999432563781738
ID_o879ahV4,0.9779517650604248
ID_o8e35xP7,0.0014755551237612963
ID_o9Kj6Are,0.9998131394386292
ID_oAGBlFsj,0.043537236750125885
ID_oBtL2DRD,0.7159440517425537
ID_oFD1SZeP,0.0002267003001179546
ID_oGb9K5U7,0.4751110076904297
ID_oHDNFvz8,0.02335464023053646
ID_oK2aei4b,0.017930319532752037
ID_oNC6rdfB,0.00011150264617754146
ID_oNr59K8y,0.005349372047930956
ID_oNvxG8Tb,0.0019488697871565819
ID_oO5UoCQk,8.33066733321175e-05
ID_oTk1KllK,0.5532860159873962
ID_oTxL0NkR,0.0002082953869830817
ID_oVRUhR6m,2.185947960242629e-05
ID_oYhLMzhJ,0.02279338426887989
ID_oZjqJADt,0.04266335070133209
ID_oaDJ7kxL,0.9998898506164551
ID_oaHBTUdD,0.16131287813186646
ID_ob65hM1B,0.058820903301239014
ID_obfoAxzx,0.9999969005584717
ID_odlKDCRI,0.9972412586212158
ID_oe9lkpYK,0.09079982340335846
ID_oeYggML6,0.6123911142349243
ID_okfqbHgc,4.049613562528975e-05
ID_olvDXSKH,0.009096339344978333
ID_onvcUL0G,0.8892661929130554
ID_ooxNeD4w,0.9994032382965088
ID_opHbfCFq,0.9998772144317627
ID_oqB9EErg,0.5746989250183105
ID_or4v1opg,0.004441032651811838
ID_orTMBxhr,0.9999998807907104
ID_osYDJonq,0.9999947547912598
ID_osaeO1BB,0.9027541279792786
ID_otqUk37z,0.5236522555351257
ID_our8ijFL,8.3792319856002e-06
ID_oyeh9hJx,0.006445488892495632
ID_oyx3l6xV,0.15077953040599823
ID_p0MDmUYB,0.796908974647522
ID_p0rc5hF5,0.9840877652168274
ID_p48sFcsm,0.9611138105392456
ID_p6injzQz,0.8970984816551208
ID_p78bnv4A,0.5610607862472534
ID_p7wJcR3i,0.17566841840744019
ID_p8JUOG0P,0.0050743864849209785
ID_p9QidQkK,0.9999371767044067
ID_p9RBlSSU,0.9053782224655151
ID_p9TxLzWM,0.6889317631721497
ID_pAjeEhwL,0.9999951124191284
ID_pBmkFvab,0.002736025955528021
ID_pEJiJ9CG,0.024823587387800217
ID_pIjKHNH1,0.003377719782292843
ID_pJOGHe9v,0.9999990463256836
ID_pKRPcpdm,0.9946434497833252
ID_pNDz13se,0.03392618149518967
ID_pSR9ROkd,0.9989657402038574
ID_pZwTkDE0,0.18417352437973022
ID_paRuqG78,0.00411143247038126
ID_pb23Siau,0.9998979568481445
ID_pbBgtXqi,0.9977312684059143
ID_pbJTPSV6,0.12913621962070465
ID_pbQjE5U4,0.047350674867630005
ID_phxu4V06,0.9999814033508301
ID_pkbjiExX,0.0035505464766174555
ID_pmQjf0OG,0.9648364186286926
ID_pnuoR5fC,0.5672656893730164
ID_pqFO0ksZ,0.9906870722770691
ID_ptco9nft,0.9998936653137207
ID_pwewH2Cj,0.005699083209037781
ID_pwx9hxiy,0.998085618019104
ID_px0gQY2Z,0.02240428701043129
ID_pxAwr7dS,0.9883018136024475
ID_pzaqPbGf,0.9088142514228821
ID_q18kahUV,0.008583156391978264
ID_q1GcfluX,0.7016008496284485
ID_q2YzrDbJ,0.9932827949523926
ID_q5Dox1VL,0.0014916890067979693
ID_q6X7uKrZ,0.9823028445243835
ID_q7ieqWpb,4.6683340769959614e-05
ID_q8Ijb6d6,0.03811929374933243
ID_q9V4fxyn,0.02412312477827072
ID_qC6xqUrA,0.01016973052173853
ID_qCNqtj9I,0.9998923540115356
ID_qClumwzN,0.9999985694885254
ID_qDuv5vB4,0.9881002902984619
ID_qG2EUtyj,0.02202589623630047
ID_qH4r6HZm,0.9904887676239014
ID_qH9d8ZVp,0.9824680685997009
ID_qJInZQkY,0.9999719858169556
ID_qKXzeDmU,0.9994950294494629
ID_qKkCl9vs,0.5903865694999695
ID_qMTVOX4L,0.8769291639328003
ID_qMaeK8GF,3.830355854006484e-05
ID_qOBzpQAB,0.022732295095920563
ID_qPSGnCel,0.9999934434890747
ID_qRQBNmz2,0.22949658334255219
ID_qRYLEbNx,0.9979590177536011
ID_qRzIC1q3,5.451478500617668e-05
ID_qS31DWKt,0.8033697009086609
ID_qSkK9kNw,0.12088426947593689
ID_qTIq8ljz,0.009878410026431084
ID_qWQm3bvf,1.6775976519056712e-07
ID_qWSHfcLX,0.3318052887916565
ID_qWnqR0eT,0.9977461695671082
ID_qXNgHpCm,0.010345660150051117
ID_qZiDYx96,0.9994120597839355
ID_qa928cai,0.29454007744789124
ID_qaqqZIkT,0.016251306980848312
ID_qbmg9L59,0.0026088529266417027
ID_qcK4BEAu,0.9965533018112183
ID_qck7r543,0.935241162776947
ID_qdBzw3id,4.85646232846193e-05
ID_qdq3IJKn,0.007824331521987915
ID_qePmOEpx,0.9994768500328064
ID_qeqhLGU6,0.002230381593108177
ID_qg9a8wAU,0.0009072514367289841
ID_qhtaYa9L,0.9999040365219116
ID_qjV24yjO,0.00011120139970444143
ID_qk9TVc06,0.13434408605098724
ID_qlLtV7YX,0.9995939135551453
ID_qmxxtjkT,0.9998672008514404
ID_qnFlRcQR,0.9029827117919922
ID_qnbMA3lS,0.17601795494556427
ID_qqxigXXT,0.11308348923921585
ID_qtWuO2Ec,0.9997020363807678
ID_qtfxnXSw,0.1352425217628479
ID_qvIRhh0s,0.9871838688850403
ID_qw6NQElw,0.9999978542327881
ID_qy6A9yba,0.9937989115715027
ID_qyCAlKng,0.1248437687754631
ID_qz4jXXfU,0.8732808232307434
ID_qzXI9ExC,0.9993107318878174
ID_r0qrpplM,0.0048085590824484825
ID_r2qD0N2p,0.06484962999820709
ID_r3elaSAO,0.9999849796295166
ID_r4eFUsLI,1.0
ID_r59Qv0FX,0.4026893973350525
ID_r5C90aSZ,0.9999090433120728
ID_r6AFAqkm,0.9989140033721924
ID_r6RmJnWh,0.001444999361410737
ID_r81UpXB1,0.005428616423159838
ID_r8h9BeCO,0.0038648119661957026
ID_rAr1bRA3,0.6899703145027161
ID_rCVeOohM,0.004912920296192169
ID_rCfSzfCA,0.2844930589199066
ID_rCrEWiQw,0.004916693549603224
ID_rDx27oC3,0.9999998807907104
ID_rEfE6cDC,0.002879193751141429
ID_rI8Bwqa2,0.972497284412384
ID_rIizSgdr,0.9990261793136597
ID_rIy6B0WN,0.9999001026153564
ID_rJEzgm3u,0.022763332352042198
ID_rKQhn0oy,0.9991330504417419
ID_rLQfhlme,0.999862790107727
ID_rN7V0wvW,0.653038740158081
ID_rNdGfmFM,0.998619556427002
ID_rNkILLD7,4.192816777504049e-05
ID_rP6Oxq2J,0.7916451096534729
ID_rPgCnxyC,0.9999997615814209
ID_rPpVVUSE,0.013953663408756256
ID_rVGnegSY,0.9008563160896301
ID_rZHJgNNi,0.982813835144043
ID_ra2M18dM,0.4582115709781647
ID_rdKCsOId,0.008436591364443302
ID_reUJuqMa,2.2752125005354173e-05
ID_rf8OY1RQ,0.0064389933831989765
ID_rf8Vgn5Q,0.9323115348815918
ID_rflVFOUH,0.02933467924594879
ID_rg7QZrZG,0.9999997615814209
ID_rgD7E4Ro,0.9967402815818787
ID_rgaxYZyh,0.0012928260257467628
ID_rjBhV66G,0.003706438932567835
ID_rlWA5QzY,0.296935498714447
ID_rp9vIIOx,0.402540922164917
ID_rq273ADV,0.9750315546989441
ID_rqcO7PuF,0.9995427131652832
ID_rsxBaaeV,0.0052664875984191895
ID_rwZM8I1g,0.03659305348992348
ID_s0BHvV1t,0.5442845821380615
ID_s17rjBRj,0.9889647960662842
ID_s1TRI07Q,0.9996002316474915
ID_s20LtwiZ,0.24011431634426117
ID_s4S5Z4gn,0.996616542339325
ID_s5W1zZl4,0.5350424647331238
ID_s61aJlbD,0.9999957084655762
ID_s6nu3RQw,0.9999804496765137
ID_s9JENfsh,0.2727011740207672
ID_s9MTlqCY,0.7621858716011047
ID_sATwcPbe,0.9991126656532288
ID_sAYtCjCD,0.5297912359237671
ID_sAoVNTCz,0.9750342965126038
ID_sBItI6FB,0.7939175367355347
ID_sBwOFlc1,0.9999594688415527
ID_sByWkh1o,0.28094276785850525
ID_sFelDh50,0.06503238528966904
ID_sIefv1sF,0.005051444750279188
ID_sJnCe7wW,0.005981285125017166
ID_sM1f5Sr1,0.813601553440094
ID_sMNzIsci,0.00442863255739212
ID_sMSSm9O7,0.9276987910270691
ID_sPtS7aCX,0.017926350235939026
ID_sQB254o3,0.6082860827445984
ID_sUwyts6W,0.9841330051422119
ID_sWMw7pro,0.9994106292724609
ID_sWeiQ5tz,0.4261596202850342
ID_sYa5y62T,0.001966887852177024
ID_saYQtY6b,0.9999964237213135
ID_sbmBqcIj,0.001433130237273872
ID_sePezNOP,0.006511535961180925
ID_sglOtjD9,0.09814222157001495
ID_shIcvYVt,0.9422127604484558
ID_sj90IfdU,0.9999998807907104
ID_sjmPJqd0,0.8987964391708374
ID_skDyZW6I,0.9999517202377319
ID_sqB0X8NC,0.6868550181388855
ID_sqTKhlFD,0.10287162661552429
ID_sqqCbGsj,0.01113812904804945
ID_stQ3rm19,0.6746869087219238
ID_stxa64ij,0.5066945552825928
ID_styASlQG,0.9988734126091003
ID_svAfUev0,0.012608909979462624
ID_svCABNgf,0.9999995231628418
ID_sw7Ris09,0.601199209690094
ID_swIRE1vH,0.9615892171859741
ID_swoS5xgY,0.9999752044677734
ID_sxFycP9M,0.5218241810798645
ID_sykzIKXO,0.9999991655349731
ID_sz5dhh4q,0.5976118445396423
ID_t0i13R2n,0.1559937596321106
ID_t2jO3ZZu,0.9983299374580383
ID_t4cxucdJ,0.013704835437238216
ID_t4r0SXeu,0.11329532414674759
ID_t6DWQVLd,0.0008904345449991524
ID_t6MdnbkI,0.9606553912162781
ID_t7BpR9OV,0.053015753626823425
ID_t7nU78tT,0.0004613192577380687
ID_t8Z9IP8T,0.038388773798942566
ID_t8sK6Ix8,0.9999853372573853
ID_tB703XFc,0.0037408205680549145
ID_tBu33kFx,0.0010993813630193472
ID_tC1qF2Yo,0.09853032976388931
ID_tEq8PWr3,0.000564007495995611
ID_tIVi8tvJ,0.009690538980066776
ID_tKhTSS7U,0.017476560547947884
ID_tLTSy4BD,0.6981707215309143
ID_tNYQRjlQ,0.00016996620979625732
ID_tNasPzPt,0.9493602514266968
ID_tOT2xNS5,1.090216392185539e-05
ID_tOeX00vJ,0.9995467066764832
ID_tPtb5EPo,0.7739620804786682
ID_tPyKUZfT,0.9999595880508423
ID_tQL4M5V6,0.0008757826872169971
ID_tRX4hAwm,0.9975317716598511
ID_tSKHJcyu,0.9983428716659546
ID_tTeAPJiX,0.09563208371400833
ID_tV7UlavR,0.9908398985862732
ID_tVHE9qmK,0.05737584829330444
ID_tYiq6aLu,0.9788506627082825
ID_tas4UK39,0.9999817609786987
ID_tbxjQNbM,0.9999954700469971
ID_tcKljunh,0.8884665369987488
ID_tg77M2MH,0.001148363808169961
ID_thR8OKV3,0.996947705745697
ID_thZr8pEU,0.9042549729347229
ID_tk4u94U6,0.9179741144180298
ID_tkALXSWI,0.0001362391049042344
ID_tlM1qq16,0.38503286242485046
ID_tpX9l7Cu,0.10288222134113312
ID_tth96kGh,0.967180609703064
ID_ttoc2vBb,0.9999955892562866
ID_tvYr1am3,0.9972655773162842
ID_tvtTjjd6,0.9999855756759644
ID_tw8R7Xjm,0.5191685557365417
ID_twuAbSXA,3.530854155542329e-05
ID_txAyVAXT,0.9998797178268433
ID_u0C9Y3TT,0.005880332551896572
ID_u0I0qsjK,0.9714466333389282
ID_u1cgbDWK,0.9999792575836182
ID_u2QmU9eG,0.999996542930603
ID_u924jX4c,0.3114849627017975
ID_uAgOXDgd,0.02807067707180977
ID_uBtVkw4V,1.1809698662545998e-05
ID_uC5m4LrT,0.07243499904870987
ID_uCIbjtdW,0.017507826909422874
ID_uEsCWS4B,1.1106187230325304e-05
ID_uGFSLp1I,0.9645243287086487
ID_uHOlMjwP,0.9999750852584839
ID_uJP2e6Zu,0.023203905671834946
ID_uO0p3RvK,0.23566125333309174
ID_uORaeJvB,0.05797577276825905
ID_uPkP5ZNl,0.9964187145233154
ID_uSNGKfUI,0.9999911785125732
ID_uTCpQ9Uc,0.9670417904853821
ID_uVb7aCTc,0.001367264543659985
ID_uVqyrwyA,0.9997199177742004
ID_uYumQ3TY,0.0222861897200346
ID_uZDWLxZU,0.009932516142725945
ID_uaDXbD7t,0.15520994365215302
ID_ub9BMYvz,0.9993758797645569
ID_ucEZz0Qy,0.9994252920150757
ID_udOizbMA,0.8409761786460876
ID_ueC2ejfk,3.900911542586982e-05
ID_uf0GpNqZ,0.9999486207962036
ID_ugWSSl4s,0.2558044195175171
ID_uj7xleO7,0.0028915598522871733
ID_ujjRXBeJ,3.369500700500794e-05
ID_ukRFauuE,0.9999934434890747
ID_umKLtXqi,0.7996135354042053
ID_upiOnwjs,0.9999860525131226
ID_uq1UF6hY,0.009024275466799736
ID_uqgFLZe6,0.12210908532142639
ID_ut1Pg4ry,0.9999133348464966
ID_uu38X8XP,0.9908881187438965
ID_uuOTHXnt,0.8137329816818237
ID_uusi5ryw,0.40302929282188416
ID_uviPTZUU,0.9959092140197754
ID_uwopWaex,0.9562107920646667
ID_uxzjBa4v,0.9704632759094238
ID_uyCprnGJ,0.9999430179595947
ID_uzRkdAm0,0.9999958276748657
ID_uzYm5S10,0.0008070390322245657
ID_uzmmrueb,0.2494751662015915
ID_uzt5KKvn,0.8509045243263245
ID_v3LkFJ5p,0.00013885072257835418
ID_v3NW8Vah,0.0011682042386382818
ID_v6c70kTh,0.9637117981910706
ID_v7UTixjF,0.9902923703193665
ID_vA7ArAOK,0.9999639987945557
ID_vCzLQ12j,0.0015915168914943933
ID_vDYcs5zG,0.9803343415260315
ID_vEcnmovZ,0.0317143090069294
ID_vEcujqbt,0.057613931596279144
ID_vGA9DLQd,0.9999972581863403
ID_vGIkzmYD,0.3155151605606079
ID_vIOgwf4d,0.9999974966049194
ID_vId6L2xO,0.9014763832092285
ID_vIwsjE1b,0.11640479415655136
ID_vKi24xDh,0.9995858073234558
ID_vKtgrl02,0.31247901916503906
ID_vL8lYf1V,0.0027913819067180157
ID_vMYGHqKt,0.998479425907135
ID_vStTgS66,0.008758939802646637
ID_vVBhEtnM,0.0011616511037573218
ID_vVUVqqpX,0.9999905824661255
ID_vbzx8Ohi,0.8848657011985779
ID_vc3qg8Of,0.9991063475608826
ID_vcvHbPXk,0.5402145385742188
ID_veXuwAhL,0.9968602657318115
ID_vg3PMXYN,0.1371462196111679
ID_vgKpvIrD,0.9999983310699463
ID_vlEWojND,0.0010501423384994268
ID_vlvySq4B,0.9996147155761719
ID_vmFjEfNd,0.2808709740638733
ID_vmlfmOb8,0.9852787256240845
ID_votmSufW,0.9783545136451721
ID_vpS1wbWv,0.0011050107423216105
ID_vsU4VlR7,0.9999947547912598
ID_vsXelDft,0.0019144226098433137
ID_vuAcPYwL,0.2641551196575165
ID_vvHJ3dAB,0.8641663789749146
ID_vwpa4oPc,0.9936331510543823
ID_vy4cm1Eb,0.9426247477531433
ID_w12ih0vy,0.004001611843705177
ID_w1LUtkWU,0.00026231835363432765
ID_w2Awmfpk,0.7131698131561279
ID_w4AophGT,0.00016287286416627467
ID_w4anmRiT,0.15805800259113312
ID_w4eKFf2h,0.9088042974472046
ID_w5HuvIfn,0.00692657008767128
ID_w70zTKiD,3.5237797419540584e-05
ID_w9UG0xNM,0.8762357831001282
ID_wBjrmff6,0.00018122291658073664
ID_wCaKPJW0,0.0003559900214895606
ID_wFM2Ma2A,0.9999586343765259
ID_wFbws05F,0.00014941977860871702
ID_wFm91TwT,0.9593462347984314
ID_wG69zNe5,0.006708294153213501
ID_wGKWZRxV,0.9996910095214844
ID_wIRRRZFM,0.030264323577284813
ID_wJMfCzIB,0.4191638231277466
ID_wKmhHQ2X,0.999168872833252
ID_wNTobWUk,0.004394288640469313
ID_wNd51hh1,0.971439003944397
ID_wO9YRInR,0.9999269247055054
ID_wORvwx4Y,0.9672878980636597
ID_wPgjsbvk,0.8876503109931946
ID_wPzhUbjW,0.009007999673485756
ID_wQlDXale,0.008169679902493954
ID_wTjzf3gY,8.567830082029104e-05
ID_wUs038gl,0.9989521503448486
ID_wWSyKOmT,0.9998356103897095
ID_wYI7XWuW,0.9997523427009583
ID_wYVPVhi7,0.9924187660217285
ID_wYhGtSLQ,0.995250940322876
ID_wZnTHqpF,0.003315326990559697
ID_waMYY11I,2.558499909355305e-05
ID_waXVnawk,0.999987006187439
ID_wbDGKwds,0.998771607875824
ID_wbiMMHbx,0.00032258962164632976
ID_wcfPBKql,0.701497495174408
ID_wgpQpTV8,0.0005532385548576713
ID_wiIs4TAN,0.41589096188545227
ID_wkcXaEnj,0.5474724769592285
ID_wlR8pKGy,0.9987394213676453
ID_woLm2RLm,0.0023879101499915123
ID_woVd3XnQ,0.6521320939064026
ID_wqfl9fWo,0.0008822431555017829
ID_wrEFDRb5,1.8275072761753108e-06
ID_wrTtuzwk,0.0008263929630629718
ID_wraepoeH,0.9961920976638794
ID_wsESBgBF,0.9999449253082275
ID_wuB56kTf,0.9888449311256409
ID_wvxQeUhw,0.802567183971405
ID_wyr3WWw0,0.2754146158695221
ID_x2vo6n6x,0.8256183862686157
ID_x6NQ5w6O,0.9939047694206238
ID_x7jFaAkl,0.0017877138452604413
ID_x885ZnfT,0.9687002301216125
ID_x8AsJNrg,0.999964714050293
ID_x8BntjVf,0.02600615657866001
ID_xA7q3hxF,0.9628134965896606
ID_xAyoGcBy,0.897902250289917
ID_xE5R7ciS,0.99994957447052
ID_xFw5VheX,0.8576541543006897
ID_xHznxVHh,0.9616205096244812
ID_xN02hFUC,8.950009942054749e-05
ID_xNPM2lJt,0.99994957447052
ID_xPDKhf9R,0.9999611377716064
ID_xPNYh9Gr,0.8052999973297119
ID_xQ5maBsd,0.879056453704834
ID_xQaYB9pX,0.994269847869873
ID_xR14wuFO,0.005152945406734943
ID_xRYkZN1G,0.02668413519859314
ID_xTdQurWI,0.9999722242355347
ID_xVqKlWgm,0.02232482098042965
ID_xXwd0McU,0.8028728365898132
ID_xZ7eji05,0.9908745288848877
ID_xZLDCzUD,0.027338773012161255
ID_xZYqsc2H,0.7823671698570251
ID_xZkPW4Gl,6.321877299342304e-05
ID_xbVZ7oiP,0.35053861141204834
ID_xcxxX1XS,0.9999781847000122
ID_xe6hfyks,0.9959661960601807
ID_xevuUatH,0.9833145141601562
ID_xfVVIJQ2,0.8982040882110596
ID_xhdEfwrO,0.8979524374008179
ID_xk1t2QPn,0.0016763046151027083
ID_xlI0FyvD,0.03038690611720085
ID_xlicC1lR,0.003203745698556304
ID_xnBZDfP6,0.008130735717713833
ID_xnjMGFdl,0.9999912977218628
ID_xqCJC2ob,0.0011898597003892064
ID_xqMgzsNr,0.601685106754303
ID_xtEwvD4p,0.9999992847442627
ID_xv4Yg1pe,0.9213959574699402
ID_xvc6X2lX,7.738372609367161e-09
ID_xxC0DzvF,0.9999998807907104
ID_xzLKLZrP,0.3366736173629761
ID_y1ZBrJu0,0.9796369671821594
ID_y2KEG7nF,0.9995729327201843
ID_y2lbNKAp,0.9882414937019348
ID_y2tJpoae,0.9597139358520508
ID_y2wzisR9,0.1832839548587799
ID_y40tTxFd,0.9704973101615906
ID_y4mHOMW1,0.9952518939971924
ID_y56O0fr9,9.926587517838925e-05
ID_y62DxlzV,0.04984329640865326
ID_y6mDF4NY,0.8028292059898376
ID_y9VVeKA4,0.9999486207962036
ID_y9yxsesM,0.00020145814050920308
ID_yBnnn4qK,0.0008554673404432833
ID_yCCRz4CY,0.9991576671600342
ID_yFDOuIjd,0.8972278237342834
ID_yGCUyqgf,0.9999713897705078
ID_yI0IL0DA,0.9999990463256836
ID_yITAvuFf,0.9997633099555969
ID_yK7FrdPD,0.9861534833908081
ID_yM2EIQeo,0.9498087167739868
ID_yM8wu97x,0.2418358027935028
ID_yNGnYEPY,0.9990236759185791
ID_yNvfme7c,0.0012615330051630735
ID_yOU0B5rA,0.11441713571548462
ID_yPoqhWlq,0.0024949670769274235
ID_yQNCB4bu,0.9794361591339111
ID_yRE4npsj,0.9984400868415833
ID_yTlNdzvD,0.9996457099914551
ID_yTzwtGrH,0.7922265529632568
ID_yVJ9h6GN,0.9999998807907104
ID_yW7tcfdi,0.4116128087043762
ID_yWImYSwC,0.2933972179889679
ID_yWjzIk8G,0.9920375347137451
ID_yZFpailJ,0.9954198598861694
ID_yZMGdc1o,0.021518094465136528
ID_ybooZI5q,0.991428792476654
ID_ycXxydJE,0.9197137355804443
ID_ycbdEv9z,0.9993113279342651
ID_ydxf0hVe,0.8915438055992126
ID_yePZJIz7,0.36232396960258484
ID_yeeQBvp5,0.0005481935804709792
ID_yewpC72U,0.6135984659194946
ID_yfgyvUyk,0.0002488630707375705
ID_ygKuItQO,0.9999276399612427
ID_ygUCKiPD,0.017047937959432602
ID_ykYpTxQZ,0.998376727104187
ID_ylijQtow,0.5426481366157532
ID_ynwRzGpb,0.0011851470917463303
ID_yoNpQ05h,0.001236805459484458
ID_ypaA6qBA,0.9751571416854858
ID_yqrCEeSQ,0.9226716756820679
ID_ytO0Hmkm,0.8816637992858887
ID_ytnEUrhE,7.038280728011159e-06
ID_yuu3GC5N,0.00018636610184330493
ID_yvLrHeSx,0.9903123378753662
ID_yxslntHO,0.601149320602417
ID_yyCFf4Dm,0.9263055324554443
ID_z0loPDbT,0.9920430779457092
ID_z2drWbMk,0.986261785030365
ID_z3bCIvJW,0.08907758444547653
ID_z4gH6dNA,0.013804851099848747
ID_z5f6UIGU,0.7399906516075134
ID_z5v6EFb2,0.2602590322494507
ID_z6AeUSbX,0.19188925623893738
ID_z6SV0ygK,0.6951280832290649
ID_z7w7WcDS,0.926547110080719
ID_z8VgyWqY,0.008777176029980183
ID_z9hxqCWw,6.901921005919576e-05
ID_zBwxbgkO,0.9098441004753113
ID_zC7hLO0G,0.01641228422522545
ID_zC8pVjKX,0.03514491021633148
ID_zChc7VVu,0.9993439316749573
ID_zDELly30,0.0032519628293812275
ID_zDwDUb39,0.9987300038337708
ID_zHvX97do,0.9999815225601196
ID_zIO6u4VQ,0.9999986886978149
ID_zJ2WWehS,0.0025872334372252226
ID_zJLplGX2,0.06837309151887894
ID_zKTtKSx2,0.913677453994751
ID_zMLKqpNk,0.9518263339996338
ID_zN03bUm5,0.07393541187047958
ID_zNTd0fOO,0.9977399110794067
ID_zP0mKWq9,0.4335687756538391
ID_zPHPqQh0,0.002217257861047983
ID_zPHsuVMX,0.15315456688404083
ID_zRX1z9uc,0.026352087035775185
ID_zTAeaj9L,0.9334806203842163
ID_zU5cSpNE,0.0003637798654381186
ID_zV4kvrTF,0.9999943971633911
ID_zVvxEn72,8.698908641235903e-05
ID_zZvRfVUu,0.8279374837875366
ID_zaIUcFQt,0.21831060945987701
ID_zaLPVNU9,0.9994018077850342
ID_zcjIyrWB,0.9999217987060547
ID_zeHb76Y5,0.3084495961666107
ID_zgMT92W5,0.9364402294158936
ID_zhujcSDE,0.18561162054538727
ID_ziF1MLg6,0.9988658428192139
ID_ziNNagHr,0.8660165071487427
ID_zibn4hnp,2.8887923235743074e-06
ID_zkxl9rb5,0.13537654280662537
ID_znAqREpm,0.9999997615814209
ID_zorhXTWN,0.6533988118171692
ID_zorlZoH6,0.04141353815793991
ID_zpjD7Ovc,0.0001049895363394171
ID_zq1zkDi0,0.7169230580329895
ID_zqRU6pUr,0.9204334616661072
ID_ztN34Yxu,3.253687737014843e-06
ID_ztz4p8My,0.16603781282901764
ID_zv5GMSdb,0.010396827943623066
ID_zviyhoNM,0.9994165897369385
ID_zwsuIJx9,0.003633342683315277
ID_zxBFKP2n,0.001309830229729414
ID_zxN7nQbW,0.9420609474182129
ID_zyWc0ENM,0.8644063472747803
ID_zywRGuyq,0.013894032686948776
ID_zzJXKU0R,2.068128924292978e-05
